SMILES,LC50
BrC(Br)Br,3.78539987401878
BrC(Br)C#N,5.4964016484895435
BrC(Br)c1ccccc1C(Br)Br,5.98457571377362
BrC1CCCCC1,4.133160865101857
BrC=C(Br)Br,4.2363852470274015
BrCC(=O)OCc1ccccc1,6.328494986455166
BrCC(Br)(CCC#N)C#N,4.910229379492889
BrCC(Br)CO[P](=O)(OCC(Br)CBr)OCC(Br)CBr,5.720743642201789
BrCC1CCCCO1,2.9412374428006784
BrCCBr,4.203852197580885
BrCCCBr,4.984991228226658
Br[Hg]c1ccccc1,4.608914837973711
Brc1[nH]c(Br)c(Br)n1,4.697462477213449
Brc1cc(Br)c(OCCOc2c(Br)cc(Br)cc2Br)c(Br)c1,2.5968702016419867
Brc1ccc(Oc2ccc(Br)cc2Br)c(Br)c1,4.956478754856867
Brc1ccc(Oc2ccccc2)cc1,5.570311128844751
Brc1ccc(cc1)C(=O)c2cccnc2,4.108846795287456
Brc1ccccc1,4.447739286591024
Brc1ccccc1Br,4.765283963596123
Brc1cscc1,4.420600853904416
C#CCN(CC#C)CC#C,2.6465692941045376
C#N,5.7039026708770555
C(=C(C(C(C(C(C(C(C(F)(F)F)(F)F)(F)F)(F)F)(F)F)(F)F)(F)F)F)C(=O)O,3.752467688557349
C(C(=O)O)C(C(C(C(C(C(F)(F)F)(F)F)(F)F)(F)F)(F)F)(F)F,4.445199450939278
C(CC(C(C(C(C(C(C(F)(F)F)(F)F)(F)F)(F)F)(F)F)(F)F)(F)F)C(=O)O,4.140388218426137
C(Cc1ccncc1)c2ccncc2,3.086411692080338
C/C=C/C=C\C,3.6137519456923366
C/C=N/O,2.8905386739271073
C1=C(C=C(C(=C1Cl)N2C(=C(C(=N2)C#N)C(F)(F)F)N)Cl)C(F)(F)F,6.910454196721462
C1=C(C=C(C(=C1Cl)N2C(=C(C(=N2)C#N)S(=O)C(F)(F)F)N)Cl)C(F)(F)F,6.466342782142989
C1=C(C=C(C(=C1Cl)N2C(=C(C(=N2)C#N)SC(F)(F)F)N)Cl)C(F)(F)F,6.8646587745219545
C1=C(C=C(C(=C1[N+](=O)[O-])C#N)[N+](=O)[O-])[N+](=O)[O-],5.075756758884272
C1=CC2=C(C(=C1)O)C(=O)C3=C(C2=O)C=CC=C3O,4.380598315080061
C1=CC=C(C(=C1)C(=O)NCCC2=C(C=C(C=N2)C(F)(F)F)Cl)C(F)(F)F,4.114182066505048
C1=CC=C(C=C1)C(=O)C2=C(C=C(C=C2)O)O,4.9324332688459425
C1=CC=C2C(=C1)C(=C(C(=O)O2)CC3=C(C4=CC=CC=C4OC3=O)O)O,4.818304675787929
C1=CC=C2C(=C1)C(=O)C3=C(C2=O)C(=C(C=C3)O)O,5.198792325133988
C1=CC=C2C(=C1)C(=O)C3=C(C=CC(=C3C2=O)O)O,4.610704279267892
C1=CC=C2C(=C1)C=C(N2)CC(=O)O,3.2021091904310404
C1C2CC3CC1CC(C2)C3,5.6794533994664445
C1C=CC2C3CC(C=C3)C12,3.5821750667029932
C1C=Cc2ccccc12,3.3670544987641
C1CC2CC1C=C2,3.973852612704946
C1CCC(OC1)n2cnc3c(NCc4ccccc4)ncnc23,4.722708769119948
C1CCC=CC1,3.932173861900332
C1CCCCC1,3.1640907956620183
C1CCOC1,1.5235236760346158
C1CN(CCO1)C(c2ccccc2)(c3ccccc3)c4ccccc4,5.4951187947055224
C1CN2CCN1CC2,1.8118538466390186
C1CO1,2.6945854824727715
C1COCCN1,2.52259978580265
C1COCCO1,0.842622726930919
C1C[n+]2ccccc2c3cccc[n+]13,3.5895596788223543
C1Cc2cccc3cccc1c23,4.988108352103305
C1Cc2ccccc2C1,3.9264122750938633
C1Cc2ccccc2O1,3.167505333194891
C1N2CN3CN1CN(C2)C3,0.4494876929842582
C1OC1c2ccccc2,3.995095957684083
C1OCOCO1,1.180101769254228
C1c2ccccc2c3ccccc13,5.306877263827233
C=CC#N,3.3268599756182824
C=CC(=O)OC1CCCCC1,5.017848005507243
C=CC=O,5.879452360420991
C=CCC#N,2.566592877154251
C=CCCCCCCC=C,5.678279707378302
C=CCN=C=S,6.086845513613449
C=CCNc1ccccc1,3.5693902130008457
C=Cc1ccccc1,3.5479079876828
C=Cn1c2ccccc2c3ccccc13,7.780967276945201
C=O,2.6993462298794717
CBr,5.0232021435089615
CC#CCO,3.84134088239699
CC#N,1.613344899234744
CC(=C)C(=O)OCC1CCCO1,3.6906504938496125
CC(=C)C(=O)OCC=C,5.105269273330773
CC(=C)C(=O)OCCO,2.758394956488169
CC(=C)C(=O)OCc1ccccc1,4.576725993657229
CC(=C)C(C)=C,4.0751083734678275
CC(=C)C1CCC(=CC1)C,3.548837529966454
CC(=C)C=C,2.9496161050843375
CC(=C)[C@@H]1CC=C(C)C(=O)C1,3.410320348356907
CC(=C)[C@@H]1CCC(=CC1)C,5.276965763043687
CC(=O)/C=C/C1=C(C)CCCC1(C)C,4.577266018721518
CC(=O)C(C)(C)C,3.061179399233298
CC(=O)CC(=O)c1ccccc1,5.168626033233718
CC(=O)CC(C)=O,2.99618645373998
CC(=O)CC(c1ccccc1)C2=C(O)Oc3ccccc3C2=O,3.005243061114899
CC(=O)CCc1ccc(OC(C)=O)cc1,4.084678761896921
CC(=O)Nc1ccc(O)cc1,2.1864266301721234
CC(=O)Nc1ccc2c(Cc3ccccc23)c1,5.161153305419612
CC(=O)Nc1cccc(O)c1,2.126372804914354
CC(=O)Nc1ccccc1O,3.6609373085198866
CC(=O)OC(C)(C)C,2.5505088506957323
CC(=O)OC=C,3.554741466106252
CC(=O)OCc1ccccc1,4.57454343309819
CC(=O)O[Hg]c1ccccc1,5.965042595142534
CC(=O)Oc1ccccc1C(O)=O,2.6592462489971247
CC(=O)c1cc(cc2c1CCC2(C)C)C(C)(C)C,5.093595880037985
CC(=O)c1ccc(Cl)c(Cl)c1Cl,5.048220326823287
CC(=O)c1ccc(Cl)c(c1)[N+]([O-])=O,4.4476755928172
CC(=O)c1ccc(Cl)cc1Cl,4.208370144240261
CC(=O)c1cccc(N)c1,2.5488040988908818
CC(=O)c1ccccc1,2.8675397853233484
CC(=O)c1ccncc1,2.857974702524035
CC(Br)=O,3.4811989671978423
CC(C(=O)N(C)C1=CC=CC=C1F)OC2=CC=C(C=C2)OC3=NC4=C(O3)C=C(C=C4)Cl,5.885579367018105
CC(C(=O)O)OC1=CC=C(C=C1)OC2=C(C=C(C=N2)C(F)(F)F)Cl,3.3975979451471012
CC(C(NCCN)c1ccccc1)[N+]([O-])=O,4.942452189639797
CC(C(O)c1ccc(O)cc1)N2CCC(CC2)Cc3ccccc3,4.5724687897480845
CC(C)(C)C(=O)C(Oc1ccc(Cl)cc1)n2cncn2,4.1739586949414065
CC(C)(C)C(O)(CCc1ccc(Cl)cc1)Cn2cncn2,4.425346054059245
CC(C)(C)C(O)C(Cc1ccc(Cl)cc1Cl)n2cncn2,4.427350910514973
CC(C)(C)C(O)C(Oc1ccc(Cl)cc1)n2cncn2,3.6989993723696992
CC(C)(C)C(O)C(Oc1ccc(cc1)c2ccccc2)n3cncn3,4.9791714203548825
CC(C)(C)C(O)\C(=C/c1ccc(Cl)cc1)n2cncn2,3.6930244746290617
CC(C)(C)C(O)\C(=C/c1ccc(Cl)cc1Cl)n2cncn2,4.904993868760883
CC(C)(C)C1=CC(=C(C=C1)OP(=O)(OC2=CC=CC=C2)OC3=CC=CC=C3)C(C)(C)C,5.3867010542179194
CC(C)(C)CC(C)(C)N,3.7204853642094755
CC(C)(C)CC(C)(C)c1ccc(O)cc1,5.528414970243242
CC(C)(C)CC(C)(C)c1ccc(OCCO)cc1,4.431353878542563
CC(C)(C)CC(C)(C)c1ccc(OCCOCCO)cc1,4.6116569376424374
CC(C)(C)CCN,2.225553980074823
CC(C)(C)CCl,3.051390929153313
CC(C)(C)CN,2.263653507282147
CC(C)(C)Cl,3.091462218578766
CC(C)(C)N,2.9248881203590127
CC(C)(C)N1N=CC(=C(Cl)C1=O)SCc2ccc(cc2)C(C)(C)C,5.2004960117772745
CC(C)(C)O,1.0630949588004572
CC(C)(C)OO,3.0677764430315264
CC(C)(C)SC(C)(C)C,3.7013483686092177
CC(C)(C)SSC(C)(C)C,5.114591505867786
CC(C)(C)c1cc(O)ccc1O,5.848536786413007
CC(C)(C)c1cc(c(O)c(c1)C(C)(C)C)C(C)(C)C,6.634407771923761
CC(C)(C)c1ccc(CCOc2ncnc3ccccc23)cc1,4.469589639721443
CC(C)(C)c1ccc(O)cc1,4.438681643416491
CC(C)(C)c1ccc(OC2CCCCC2O[S](=O)OCC#C)cc1,4.101982630154363
CC(C)(C)c1ccc(Oc2cccc(C=O)c2)cc1,5.841914798264972
CC(C)(C)c1ccc(cc1)C(N)=O,3.744788210194416
CC(C)(C)c1ccccc1C=C,5.5102199394714475
CC(C)(C)c1ccccc1O[P](=O)(Oc2ccccc2C(C)(C)C)Oc3ccccc3C(C)(C)C,4.418954822044711
CC(C)(CC(O)=O)CC(O)=O,1.0553593514541408
CC(C)(N)C1CCC(C)(N)CC1,3.416301466687527
CC(C)(O)C#C,1.4076930403476002
CC(C)(O)C(Cl)(Cl)Cl,3.118761814098384
CC(C)(O)C(F)(F)C(F)F,2.4394954728733613
CC(C)(O)CCc1ccccc1,3.3933320106187352
CC(C)(OO)c1ccccc1,3.9458848886701317
CC(C)(c1cc(Br)c(O)c(Br)c1)c2cc(Br)c(O)c(Br)c2,5.881203673725601
CC(C)(c1cc(Cl)c(O)c(Cl)c1)c2cc(Cl)c(O)c(Cl)c2,5.695247576763525
CC(C)(c1ccc(O)cc1)c2ccc(O)cc2,4.525660778167223
CC(C)=C1CCC(=CC1)C,5.051512889158505
CC(C)=C1CC[C@H]2C(=C1)CC[C@@H]3[C@]2(C)CCC[C@@]3(C)C(O)=O,5.307195344714594
CC(C)=CC1C(C(=O)OC(C#N)c2cccc(Oc3ccccc3)c2)C1(C)C,6.887043968099929
CC(C)=CC1C(C(=O)OC2CC(=O)C(=C2C)CC=C)C1(C)C,6.834198166366706
CC(C)=CC1C(C(=O)OCc2ccc(C)cc2C)C1(C)C,6.979874504190739
CC(C)=CC1C(C(=O)OCc2coc(Cc3ccccc3)c2)C1(C)C,8.111189377536874
CC(C)=CC=C(C)C,4.464689794678541
CC(C)=CCCC(C)=O,3.1680750916520917
CC(C)=CCC\C(C)=C\CCC(C)(O)C=C,5.191744064639919
CC(C)=CCC\C(C)=C\CN(CCO)C/C=C(C)/CCC=C(C)C,5.7749859381584425
CC(C)=CCC\C(C)=C\CO,4.554647754991786
CC(C)=C[C@@H]1[C@@H](C(=O)OCN2C(=O)C3=C(CCCC3)C2=O)C1(C)C,6.7170195815327665
CC(C)=NO,2.117253471499397
CC(C)=O,0.8449485153159635
CC(C)C(=O)Nc1ccc(c(c1)C(F)(F)F)[N+]([O-])=O,5.157944458459618
CC(C)C(C(=O)OC(C#N)c1cccc(Oc2ccccc2)c1)c3ccc(Cl)cc3,8.322124153141043
CC(C)C(C(=O)OC(C#N)c1cccc(Oc2ccccc2)c1)c3ccc(OC(F)F)cc3,8.876476684573413
CC(C)C(C)(O)C#C,2.7381306022541656
CC(C)C(C)=O,1.8559933699551492
CC(C)C(C)N,2.487028776859976
CC(C)C(Nc1ccc(cc1Cl)C(F)(F)F)C(=O)OC(C#N)c2cccc(Oc3ccccc3)c2,7.192982237232079
CC(C)C(O)(c1ccc(OC(F)(F)F)cc1)c2cncnc2,4.259031021451183
CC(C)C(O)C(C)C,2.8530334732891536
CC(C)C1=CC2=C(CC1)C3(C)CCCC(C)(C3CC2)C(O)=O,5.740302386569845
CC(C)C1=CC2=CCC3C(C)(CO)CCCC3(C)C2CC1,5.204835676920514
CC(C)C1=CC2=CC[C@@H]3[C@](C)(CCC[C@@]3(C)C(O)=O)[C@H]2CC1,5.104088119007577
CC(C)C1=CC=C(C)CC1,4.635987705685355
CC(C)C1=NC(=O)C=C(C)N1,2.103224845964548
CC(C)C1C(C)C(C)(C)c2cc(C)c(cc12)C(C)=O,5.434577307483893
CC(C)C1C2CCC1C3=C2C=CC=C3NC(=O)C4=CN(N=C4C(F)F)C,3.884429397136251
CC(C)C1CCC(Cc2ccc(Cl)cc2)C1(O)Cn3cncn3,5.347477032456892
CC(C)CBr,2.9862731302753973
CC(C)CC(C)=O,2.2707243661523613
CC(C)CC(C)C1=C(C=CS1)NC(=O)C2=CN(N=C2C(F)(F)F)C,5.638833823995986
CC(C)CC(C)Nc1ccc(Nc2ccccc2)cc1,6.048577742084093
CC(C)CC=O,4.4232912550239
CC(C)CCBr,3.0286012711046144
CC(C)CCC(C)(O)C#C,3.4566324657679157
CC(C)CCC(C)=O,2.8562233420446064
CC(C)CCCCCCCOC(=O)c1ccccc1C(=O)OCCCCCCCC(C)C,3.1728674745002787
CC(C)CCCCCCc1ccc(O)cc1,6.202459740289739
CC(C)CCl,2.3159540659939495
CC(C)CO,1.7146169508542128
CC(C)COC(=O)C=C,4.785575402023749
CC(C)Cl,3.220332641970473
CC(C)N,1.7716756535507092
CC(C)N(C(=O)CCl)c1ccccc1,5.59331068619123
CC(C)N(C(=O)COc1sc(nn1)C(F)(F)F)c2ccc(F)cc2,4.86746151141447
CC(C)N(C(C)C)C(=O)SCC(Cl)=C(Cl)Cl,5.467117814825466
CC(C)N(C(C)C)C(=S)SSC(=S)N(C(C)C)C(C)C,7.316907281798077
CC(C)N(CCO)C(C)C,2.8589081235603104
CC(C)N1C(=O)c2ccccc2N[S]1(=O)=O,2.3903859982341293
CC(C)NC(=O)N1CC(=O)N(C1=O)c2cc(Cl)cc(Cl)c2,4.733476795021742
CC(C)NC(C)C,2.528029216612985
CC(C)NCC(O)COc1cccc2ccccc12,4.192629015309217
CC(C)Nc1nc(Cl)nc(NC(C)C)n1,4.6844235752753605
CC(C)Nc1nc(Cl)nc(NC2CC2)n1,4.697933106453775
CC(C)O,0.7429450514502588
CC(C)OC(=O)C(C(=O)OC(C)C)=C1SCCS1,4.623337069701449
CC(C)OC(=O)C(C(=O)OC(C)C)=C1SCC[S]1=O,3.9422278036034113
CC(C)OC(=O)C(C)=C,3.528006176111312
CC(C)OC(=O)Nc1ccccc1,3.7109172622647906
CC(C)OC(C)C,2.1139306012540633
CC(C)O[P](=O)(OC(C)C)Oc1ccc(cc1)[N+]([O-])=O,5.367858889362906
CC(C)O[P](=O)(OC(C)C)SCc1ccccc1,4.667752837423962
CC(C)O[P](=S)(OC(C)C)Oc1ccc(cc1)[N+]([O-])=O,5.182005465802581
CC(C)O[P](=S)(OC(C)C)SCCN[S](=O)(=O)c1ccccc1,5.690878334875902
CC(C)O[P](C)(=O)OC(C)C,2.454656915259813
CC(C)Oc1cc(N2N=C(OC2=O)C(C)(C)C)c(Cl)cc1Cl,5.458922250240375
CC(C)Oc1cccc(NC(=O)c2ccccc2C(F)(F)F)c1,4.791145845311799
CC(C)SSC(C)C,4.257392629628803
CC(C)[C@@H](C(=O)O[C@@H](C#N)c1cccc(Oc2ccccc2)c1)c3ccc(Cl)cc3,8.979701472318837
CC(C)[C@@H](Nc1ccc(cc1Cl)C(F)(F)F)C(=O)OC(C#N)c2cccc(Oc3ccccc3)c2,5.020257669505882
CC(C)[C@@H]1CC[C@@H](C)C[C@H]1O,3.9174110288412676
CC(C)[C@@]1(O)[C@@H](OC(=O)c2[nH]ccc2)[C@@]3(O)[C@@]4(C)C[C@]5(O)O[C@@]6([C@H](O)[C@@H](C)CC[C@]46O)[C@@]3(O)[C@]15C,5.143493475501949
CC(C)c1c(Cl)cc2c(CC[C@H]3[C@@](C)(CCC[C@]23C)C(O)=O)c1Cl,5.60837554549871
CC(C)c1cc(Cl)c(C)cc1O,5.368759850865381
CC(C)c1cc(cc(c1O)[N+]([O-])=O)[N+]([O-])=O,5.9742583187716205
CC(C)c1ccc(C)cc1,3.4843710293284063
CC(C)c1ccc(C)cc1O,4.67158067037099
CC(C)c1ccc(C=O)cc1,4.350004866266899
CC(C)c1ccc2c(CCC3C(C)(CO)CCCC23C)c1,5.553972484519278
CC(C)c1ccc2c(CC[C@H]3[C@@](C)(CCC[C@]23C)C(O)=O)c1,4.972610666034972
CC(C)c1ccc2c(CC[C@H]3[C@@](C)(CCC[C@]23C)C(O)=O)c1Cl,5.512061064256473
CC(C)c1ccc2c(ccc3c(C)cccc23)c1,5.822075426715649
CC(C)c1cccc(C(C)C)c1N,4.096398345253141
CC(C)c1ccccc1,4.37231622569878
CC(C)n1nc(C)cc1OC(=O)N(C)C,4.295443776319756
CC(C1CC1)C(O)(Cn2cncn2)c3ccc(Cl)cc3,4.188596692630956
CC(CCl)[N+]([O-])=O,5.961291664575335
CC(CN(C)C)C(C)=O,4.181853672064893
CC(CN1C[C@H](C)O[C@H](C)C1)Cc2ccc(cc2)C(C)(C)C,5.3060531265817295
CC(COc1ccc(cc1)C(C)(C)C)O[S](=O)OCCCl,5.933805150542615
CC(Cl)(Cl)C(O)=O,3.0945440391503305
CC(Cl)(Cl)Cl,3.326939714141317
CC(Cl)=O,3.271609301378832
CC(Cl)CCl,2.8846585607813067
CC(Cl)CO[P](=O)(OCC(C)Cl)OCC(C)Cl,4.384973003820507
CC(N)=N[P](=S)(Oc1ccc(Cl)cc1)Oc2ccc(Cl)cc2,5.87531250244707
CC(N)CN,1.8164274297761556
CC(O)(C#C)c1ccccc1,3.111836251853687
CC(O)(c1ccc(Cl)cc1)c2ccc(Cl)cc2,5.215566888618186
CC(O)=O,2.8243922261792345
CC(O)C#C,3.777476394433471
CC(O)CC#C,3.37958182183175
CC(O)CC(C)(C)O,1.043145508285675
CC(O)CCl,2.4381662802235544
CC(O)CN,2.3249606095630306
CC(O)CO,0.2420334773140138
CC(O)COC(=O)C=C,4.589986365811327
CC(Oc1cc(Cl)c(Cl)cc1Cl)C(O)=O,4.163404767063376
CC(Oc1ccc(Cl)cc1C)C(O)=O,2.630158861204625
CC(Oc1ccc(Cl)cc1Cl)C(O)=O,2.3889185841746396
CC/C=C/CCO,2.567729360977511
CC1(C(C1C(=O)OC(C#N)C2=CC(=CC=C2)OC3=CC=CC=C3)C=C(Cl)Cl)C,7.290012704404865
CC1(C)C(=C)[C@]2(Cl)C(Cl)[C@@]1(Cl)C(Cl)(Cl)C2(Cl)Cl,7.488702177504669
CC1(C)C(C(=O)OC(C#N)c2cccc(Oc3ccccc3)c2)C1(C)C,7.780578659076709
CC1(C)C(C=C(Cl)Cl)C1C(=O)OC(C#N)c2ccc(F)c(Oc3ccccc3)c2,8.718453716402546
CC1(C)C(C=C(Cl)Cl)C1C(=O)OC(C#N)c2cccc(Oc3ccccc3)c2,7.732919858593426
CC1(C)C(C=C2CCCC2)C1C(=O)OCc3coc(Cc4ccccc4)c3,9.114521628743121
CC1(C)C2C(Cl)C1(Cl)C(Cl)(Cl)C(=C2C(Cl)(Cl)Cl)Cl,7.505154066802912
CC1(C)C2CCC(=C)C1C2,5.16581531092102
CC1(C)C2CCC(C2)C1=C,5.066112397728793
CC1(C)C2CCC1(C)C(=O)C2Br,3.52817138478179
CC1(C)C2CC[C@]1(C)C(=O)C2,3.9520712957275226
CC1(C)CC(=O)CC(=O)C1,1.085994411490002
CC1(C)CC/C(=C/c2ccc(Cl)cc2)C1(O)Cn3cncn3,4.007470198113978
CC1(C)CCC(C)(C)O1,2.882629554971363
CC1(C)CCC(Cc2ccc(Cl)cc2)C1(O)Cn3cncn3,4.986204135718886
CC1(C)CCCC2(C)C(CCC(C)(O)C=C)C(=C)CCC12,6.383951435563801
CC1(C)CCCC2(C)C3CCC(C13)C2=C,4.301789346768719
CC1(C)CNC(=NC1)N\N=C(/C=C/c2ccc(cc2)C(F)(F)F)\C=C\c3ccc(cc3)C(F)(F)F,6.714153946267267
CC1(C)NC(=O)NC1=O,0.8901702714025495
CC1(C)OCC(CO)O1,0.8983802726897636
CC1(C)[C@@H](C(Br)C(Br)(Br)Br)[C@H]1C(=O)O[C@H](C#N)c2cccc(Oc3ccccc3)c2,8.21620476215039
CC1(C)[C@@H](C=C(Br)Br)[C@H]1C(=O)O[C@H](C#N)c2cccc(Oc3ccccc3)c2,8.341740663726782
CC1(C)[C@@H](C=C(Cl)Cl)[C@H]1C(=O)OC(C#N)c2cccc(Oc3ccccc3)c2,7.9811796816792855
CC1(C)[C@@H](C=C(Cl)Cl)[C@H]1C(=O)OCc2cccc(Oc3ccccc3)c2,7.66461977826287
CC1(C)[C@@H](\C=C(/Cl)C(F)(F)F)[C@H]1C(=O)OC(C#N)c2cccc(Oc3ccccc3)c2,8.326737656371762
CC1(C)[C@@H](\C=C(/Cl)C(F)(F)F)[C@H]1C(=O)O[C@H](C#N)c2cccc(Oc3ccccc3)c2,8.688568524553531
CC1(C)[C@@H](\C=C/C(=O)OC(C(F)(F)F)C(F)(F)F)[C@H]1C(=O)O[C@H](C#N)c2cccc(Oc3ccccc3)c2,5.328168539834199
CC1(C)[C@@H]2CC[C@]1(C)[C@H](O)C2,3.3871927664386887
CC1(C)[C@H](C=C(Cl)Cl)[C@H]1C(=O)OCc2cccc(Oc3ccccc3)c2,7.149257826007337
CC1(C)[C@H](\C=C(/Cl)C(F)(F)F)[C@@H]1C(=O)O[C@@H](C#N)c2cccc(Oc3ccccc3)c2,8.49290688599132
CC1(C)[C@H]2CCC(=C)[C@@H]1C2,5.433594542329936
CC1(C)[C@H]2CC[C@@]1(C)C(=O)C2,3.021152214870822
CC1(CCC2C(=C1)CCC3C2(CCCC3(C)CO)C)C=C,5.982986927304158
CC1(CCC2C(=CCC3C2(CCCC3(C)CO)C)C1)C=C,5.982986927304158
CC1(CCCCC1)C(=O)Nc2ccc(O)c(Cl)c2Cl,5.376613378375563
CC1(OC(=O)N(Nc2ccccc2)C1=O)c3ccc(Oc4ccccc4)cc3,6.4704374179744075
CC12CCC(CC1)C(C)(C)O2,3.179633447431375
CC1=C(C(=CC=C1)C)N(C(C)C(=O)OC)C(=O)COC,3.0797635957383234
CC1=C(C2=C(N1S(=O)(=O)C3=NN(C=N3)S(=O)(=O)N(C)C)C=C(C=C2)F)Br,3.9046670648638004
CC1=C(\C=C\C(C)=C\C=C\C(C)=C\C(O)=O)C(C)(C)CCC1,5.832685556298531
CC1=CC(=C(C#N)C(=O)N1)C,2.9748459729475893
CC1=CC(=C(C=C1)C)OCC2=CC=CC=C2C(=NOC)C(=O)NC,6.922680220786415
CC1=CC(=O)CC(C)(C)C1,2.760328225260736
CC1=CC(=O)c2ccccc2C1=O,6.1945975852425095
CC1=CC=CC=C1C2=C(N(N(C2=O)C(C)C)C(=O)SCC=C)N,4.78801247079139
CC1=CCC2CC1C2(C)C,4.411664336941143
CC1=CC[C@@H](CC1)C(C)(C)O,4.3654242500719445
CC1=CC[C@@H]2C[C@H]1C2(C)C,5.687140228132735
CC1=NN(C(=C1C(=O)NC2=CC=CC=C2C(C)CC(C)C)F)C,6.223708027051028
CC1=NN=C(c2ccccc2)C(=O)N1N,3.3608868024747798
CC1C(C)(C)C2=C(C(=O)CCC2)C1(C)C,4.250102284092033
CC1C(C)(C)c2cc(C)c(cc2C1(C)C)C(C)=O,5.301702275524829
CC1C(OC=C2C1=C(C(=C(C2=O)C(=O)O)O)C)C,9.160393291555145
CC1CC(C)(C)c2cc(C(C)=O)c(C)cc2C1(C)C,5.915371264699526
CC1CC(Cl)CCC1C(=O)OC(C)(C)C,4.295149950241223
CC1CCC2CC1C2(C)C,5.237587718285314
CC1CCCCC1,4.878119484697168
CC1CNCC(C)O1,2.473651026625116
CC1CNCCN1,1.650467977027112
CC1COC(Cn2cncn2)(O1)c3ccc(Oc4ccc(Cl)cc4)cc3Cl,5.447445682895838
CC1COC(O1)(CN2C=NC=N2)C3=C(C=C(C=C3)OC4=CC=C(C=C4)Cl)Cl,8.510212013453819
CC1COCc2cc3c(cc12)C(C)(C)C(C)C3(C)C,4.763940901791809
CC1Cc2c3C(C)Cc3c4C(C)C5(CC5C)c4c2[S](=O)(=O)O1,4.273328643721159
CC=O,3.04146538409637
CCC#N,1.5591503436401135
CCC(=O)CC,1.7504831851851754
CCC(=O)Nc1ccc(Cl)c(Cl)c1,4.404123361543088
CCC(=O)c1ccc(N)cc1,3.0093955911277446
CCC(C)(C)Br,2.679122769678398
CCC(C)(C)c1ccc(O)cc1,4.803880384023523
CCC(C)(O)C#C,1.901963067914646
CCC(C)(O)CC,2.181983874239646
CCC(C)(c1ccc(O)cc1)c2ccc(O)cc2,4.837843012361078
CCC(C)=O,1.1066983232022043
CCC(C)Br,3.061529062650464
CCC(C)C(C)C=O,3.8535004837091327
CCC(C)C1=CC(=CC=C1)OC(=O)N(C)SC2=CC=CC=C2,7.212478209377185
CCC(C)C=O,3.936479457691118
CCC(C)Cl,2.466476237844623
CCC(C)N,2.424816324279353
CCC(C)N1C(=O)NC(=C(Br)C1=O)C,3.1543873841413097
CCC(C)O,1.3052869240671852
CCC(C)c1cc(cc(c1O)[N+]([O-])=O)[N+]([O-])=O,6.060359404539341
CCC(C)c1cc(cc(c1OC(=O)C=C(C)C)[N+]([O-])=O)[N+]([O-])=O,6.847173564789767
CCC(C)c1cc(cc(c1OC(=O)OC(C)C)[N+]([O-])=O)[N+]([O-])=O,7.367495692892881
CCC(C)c1ccccc1OC(=O)NC,4.553114739719023
CCC(Cc1c(I)cc(I)c(N)c1I)C(O)=O,5.216131293011408
CCC(Cl)Cl,3.0618024018347327
CCC(O)=O,2.595537261864124
CCC(O)C(C)CO,1.0970974774616218
CCC(Oc1ccc(F)c(c1)C(F)(F)F)C(=O)NCc2ccccc2,5.201000486011427
CCC1(C(=O)NC(=O)NC1=O)c2ccccc2,2.681089791150713
CCC1(CCC(C)C)C(=O)NC(=O)NC1=O,3.4231806221949843
CCC1=CC=CC(=C1N(C(C)COC)C(=O)CCl)C,3.7882748923164673
CCC1CCC(CCC(O)=O)C1,4.385994182384733
CCC1COC(Cn2cncn2)(O1)c3ccc(Cl)cc3Cl,4.270377897486106
CCC1O[C@]2(CCC1C)C[C@@H]3C[C@@H](C\C=C(/C)CC(C)/C=C/C=C/4CO[C@@H]5[C@H](O)C(=C[C@@H](C(=O)O3)[C@]45O)C)O2,4.287412193334078
CCCBr,3.2618653305659704
CCCC(=NOCC)C1=C(CC(CC1=O)CC(C)SCC)O,5.297913591208031
CCCC(=O)OC(C(Cl)(Cl)Cl)[P](=O)(OC)OC,4.816278428925205
CCCC(C)=O,1.8417529308405391
CCCC(C)C=O,3.7265408025882367
CCCC(C)CCCOC(=O)C(C)Oc1cc(Cl)c(Cl)cc1Cl,4.239330198373176
CCCC(CCC)C(O)=O,2.958609778769388
CCCC(Cl)CCCC(Cl)CCC(Cl)CCC(Cl)CCC(Cl)CCCC(Cl)CCC,3.532542592881742
CCCC(Cn1cncn1)c2ccc(Cl)cc2Cl,5.017446144984096
CCCC(O)=O,2.6439754891176843
CCCC(O)C=C,3.517825068243163
CCCC1=CC(=O)NC(=S)N1,2.507160883387961
CCCC1COC(Cn2cncn2)(O1)c3ccc(Cl)cc3Cl,4.269495178184987
CCCC=O,3.653857444529622
CCCCBr,3.572117898931275
CCCCC(=O)CCCC,3.661666156251774
CCCCC(C)=O,2.3692548828387445
CCCCC(C)O,2.4778742302512162
CCCCC(CC)C=O,4.484689546299325
CCCCC(CC)CO,4.114714375372265
CCCCC(CC)COC(=O)C(C)O,3.8008330235535466
CCCCC(CC)COC(=O)CCCCC(=O)OCC(CC)CCCC,3.615115253598707
CCCCC(CC)COC(=O)c1ccccc1C(=O)OCC(CC)CCCC,3.448365079973918
CCCCC(Cn1cncn1)(C#N)c2ccc(Cl)cc2,4.832451853235435
CCCCC(O)(Cn1cncn1)c2ccc(Cl)cc2Cl,4.7212539645802885
CCCCC(O)=O,3.12267536365592
CCCCC(O)C#C,4.80437179549577
CCCCC1=CC2=NNN=C2C=C1,4.725106913031648
CCCCC=O,3.8080698176379664
CCCCCC,4.537456402186801
CCCCCC(=O)OCC,4.147397659798506
CCCCCC(C)=O,2.9403491707092937
CCCCCC(O)=O,3.12057393120585
CCCCCC(O)C#C,5.485105861918889
CCCCCC=O,3.756423293601695
CCCCCCBr,4.679859579971896
CCCCCCC(C)=O,3.446126151159965
CCCCCCC(C)C1=C(C(=CC(=C1)[N+](=O)[O-])[N+](=O)[O-])OC(=O)C=CC,7.282822383727529
CCCCCCC(C)N,4.395893059978592
CCCCCCC(C)O,3.2396531119805645
CCCCCCC(C)OC(=O)COc1nc(F)c(Cl)c(N)c1Cl,4.334510517961273
CCCCCCC1CCC(=O)O1,3.975819717295684
CCCCCCC=C,4.368813546606104
CCCCCCCBr,5.085780675965565
CCCCCCCC#CCO,5.158849841508083
CCCCCCCC(C)=O,3.9711842621412745
CCCCCCCC/C=C/CCCCCCCC(O)=O,3.094392054031176
CCCCCCCC=C,4.08051096384996
CCCCCCCCBr,5.362601224408285
CCCCCCCCC#N,4.394807391381986
CCCCCCCCC(C)=O,4.5706235426166115
CCCCCCCCC(Cl)C(Cl)CCCCCCCC(O)=O,5.150294583833402
CCCCCCCCC(O)=O,3.1822856794759975
CCCCCCCCCC(C)=O,5.055113188094651
CCCCCCCCCCBr,4.072908174239221
CCCCCCCCCCC(C)=O,5.193697522974552
CCCCCCCCCCCC#N,5.624984440294972
CCCCCCCCCCCC(=O)NCCC[N+](C)(C)CC([O-])=O,4.745110294911887
CCCCCCCCCCCC(=O)OCCOCC(OCCO)C1OCC(OCCO)C1OCCO,3.2387118626575733
CCCCCCCCCCCC(=O)Oc1c(Cl)c(Cl)c(Cl)c(Cl)c1Cl,3.819393919339507
CCCCCCCCCCCC(C)=O,5.741129704042882
CCCCCCCCCCCCCCCCN(C)C,5.323376194210113
CCCCCCCCCCCCCN,6.484108199766051
CCCCCCCCCCCCCOCCO,4.504557029881421
CCCCCCCCCCCCN,6.255167081026589
CCCCCCCCCCCCO,5.265982386707787
CCCCCCCCCCCCOCCO,4.638191525219069
CCCCCCCCCCCN,5.9116090504369
CCCCCCCCCCCO,5.219282183954879
CCCCCCCCCCCOCCO,4.61402553116697
CCCCCCCCCCN,5.179698144246957
CCCCCCCCCCO,4.4379243996837525
CCCCCCCCCCc1ccc(N)cc1,6.572218973630862
CCCCCCCCCO,4.392126853787682
CCCCCCCCCc1ccc(O)cc1,5.844869044189386
CCCCCCCCCc1ccc(OCCO)cc1,4.20743238560938
CCCCCCCCCc1ccc(OCCOCCO)cc1,4.602747572644404
CCCCCCCCCc1ccccc1OCCO,6.083819740052473
CCCCCCCCCc1ccccc1OCCOCCO,5.979999147798937
CCCCCCCCN,4.396253113464397
CCCCCCCCN1SC=CC1=O,6.162260126476239
CCCCCCCCO,3.974880903348037
CCCCCCCCOC(=O)C(C)O,3.9257717601618465
CCCCCCCCOc1ccccc1NC(C)=O,5.767371928479961
CCCCCCCCc1cc(cc(c1OC(=O)\C=C\C)[N+]([O-])=O)[N+]([O-])=O,3.7691842951821046
CCCCCCCCc1ccc(N)cc1,6.233302886518983
CCCCCCCN,3.723071377285903
CCCCCCCO,3.459167244919282
CCCCCCCOC(=O)c1ccccc1C(=O)OCCCCCCC,2.8603499869431803
CCCCCCN,3.252334040144376
CCCCCCNCCCCCC,5.37590970304128
CCCCCCO,2.925074943861609
CCCCCCOC(=O)C=C,5.146584858700898
CCCCCCOC(C)=O,4.47776618547394
CCCCCCOc1ccc(C=O)cc1OC,4.946972676637289
CCCCCCOc1ccc(N)cc1,4.777006863734906
CCCCCCS,5.4707227942906025
CCCCCC[C@@H]1[C@@H](OC(=O)CC(C)C)[C@H](C)OC(=O)[C@@H](NC(=O)c2cccc(NC=O)c2O)[C@@H](C)OC1=O,9.825468074265894
CCCCCC\C=C/CCCCCCCc1cc(O)cc(O)c1,4.724959549847537
CCCCCCl,3.4282945324313108
CCCCCN,2.692373850545207
CCCCCO,2.1877891246407133
CCCCCOCCCCC,4.709538144720104
CCCCCO[P](=O)(OCCCCC)OCCCCC,4.898048354131973
CCCCC\C=C\C,3.738430138782741
CCCCCc1ccc(O)cc1,5.007080021449869
CCCCCc1ccccc1,4.937995662160526
CCCCCl,2.553837051634432
CCCCN,2.150081621095221
CCCCN(CC)c1c(cc(cc1[N+]([O-])=O)C(F)(F)F)[N+]([O-])=O,6.025410238455629
CCCCN(CCCC)C=O,3.2457585274622165
CCCCN(CCCC)SN(C)C(=O)Oc1cccc2CC(C)(C)Oc12,5.958202268200876
CCCCNC(=O)OCC#CI,6.181957648448552
CCCCNC(=O)n1c(NC(=O)OC)nc2ccccc12,5.656701468934964
CCCCNC(=S)NCCCC,4.421669014763507
CCCCNCCCC,3.9571382645322357
CCCCO,1.5821512583890485
CCCCOC(=O)C(C)O,3.2898445195319255
CCCCOC(=O)C(C)Oc1ccc(Oc2ccc(cn2)C(F)(F)F)cc1,5.120514421508431
CCCCOC(=O)CCC,4.09454943362261
CCCCOC(=O)CCC(=O)OCCCC,4.693915564317399
CCCCOC(=O)CCCCC(=O)OCCCC,4.851120530276221
CCCCOC(=O)COC(=O)c1ccccc1C(=O)OCCCC,4.283797281849317
CCCCOC(=O)COc1ccc(Cl)cc1Cl,4.39349215922818
CCCCOC(=O)[C@@H](C)Oc1ccc(Oc2ccc(cn2)C(F)(F)F)cc1,5.446893026343513
CCCCOC(=O)\C=C\C(=O)OCCCC,5.537865045470239
CCCCOC(=O)c1ccc(cc1)C(=O)OCCCC,5.666497181813234
CCCCOC(=O)c1cccc(c1)C(=O)OCCCC,5.490345595700366
CCCCOC(=O)c1ccccc1C(=O)OCCCC,5.240468122483765
CCCCOC(=O)c1ccccc1C(=O)OCc2ccccc2,5.291392275710373
CCCCOC(C)=O,3.7336776875152315
CCCCOC(C)COC(=O)C(C)OC1=CC(=C(C=C1Cl)Cl)Cl,5.29930371252984
CCCCOCCCC,3.6055118530411616
CCCCOCCCOC(=O)COc1ccc(Cl)cc1Cl,5.4885714579741345
CCCCOCCOC(=O)C(C)Oc1cc(Cl)c(Cl)cc1Cl,5.735307644423519
CCCCOCCOC(=O)C(C)Oc1ccc(Cl)cc1Cl,5.379210954825289
CCCCOCCOC(=O)COc1ccc(Cl)cc1Cl,5.317849327103266
CCCCOCCOC(=O)COc1nc(Cl)c(Cl)cc1Cl,5.190904565611719
CCCCOCCOCCOCc1cc2OCOc2cc1CCC,4.85738896131012
CCCCOCCO[P](=O)(OCCOCCCC)OCCOCCCC,4.512267170378247
CCCCOCN(C(=O)CCl)c1c(CC)cccc1CC,5.653329307596355
CCCCO[P](=O)(OCCCC)OCCCC,4.512647217016545
CCCCOc1ccccc1,4.415554835535165
CCCCSCCCC,4.6113583309512505
CCCCSP(SCCCC)SCCCC,4.41427995704905
CCCCS[P](=O)(SCCCC)SCCCC,5.336283026383955
CCCC[Sn](CCCC)(CCCC)CCCC,5.854674762239173
CCCC\C=C/CCCCCCO,4.735797821330044
CCCCc1ccc(N)cc1,4.165276338396869
CCCCc1oc2ccccc2c1C(=O)c3cc(I)c(OCCN(CC)CC)c(I)c3,6.088788707988377
CCCN,1.7716756535507092
CCCN(CCC)C(=O)SCc1ccccc1,5.038628799726922
CCCN(CCC)C(=S)SSC(=S)N(CCC)CCC,5.660462980685755
CCCN(CCC)CCC,3.4494496035873223
CCCN(CCC)c1c(cc(cc1[N+]([O-])=O)C(C)C)[N+]([O-])=O,5.852126817650062
CCCN(CCC)c1c(cc(cc1[N+]([O-])=O)C(F)(F)F)[N+]([O-])=O,6.446228992408004
CCCN(CCC)c1c(cc(cc1[N+]([O-])=O)[S](N)(=O)=O)[N+]([O-])=O,5.036849352757408
CCCN(CCCl)c1c(cc(cc1[N+]([O-])=O)C(F)(F)F)[N+]([O-])=O,6.823509104595867
CCCN(CCOc1c(Cl)cc(Cl)cc1Cl)C(=O)n2ccnc2,5.391354256338145
CCCN1C(=O)C2=C(C=CC(=C2)I)N=C1OCCC,6.234203771996964
CCCO,1.1204160637419496
CCCOC(=O)Cc1ccc(OCC(=O)N(CC)CC)c(OC)c1,4.0368039788081544
CCCOC(C)=O,3.189622153286533
CCCO[P](=O)(OCCC)OCCC,3.149037094848062
CCCSC(=O)N(CCC)CCC,4.502066338450912
CCCSCCC,3.736323051770036
CCCSCCCCSCCC,4.839080585390614
CCCSCCSCCC,4.37509423243255
CCCSCS[P](=S)(OCC)OCC,7.484162172283911
CCCSSCCC,4.758692362093169
CCCS[P](=O)(OCC)Oc1ccc(Br)cc1Cl,6.938980258467024
CCCS[P](=O)(OCC)SCCC,5.578255881961567
CCCS[P](=S)(OCC)Oc1ccc(SC)cc1,4.467079124021403
CCCc1ccc(O)cc1,4.092765290081618
CCCc1ccccc1,4.889554703626425
CCN,1.6540320740110508
CCN(CC(C)=C)c1c(cc(cc1[N+]([O-])=O)C(F)(F)F)[N+]([O-])=O,3.451721468867256
CCN(CC)C(=O)C(C)Oc1cccc2ccccc12,4.460417976976921
CCN(CC)C(=O)SCc1ccc(Cl)cc1,5.134894809021668
CCN(CC)C(=O)\C(Cl)=C(/C)O[P](=O)(OC)OC,4.175643705209502
CCN(CC)C(=O)c1cccc(C)c1,3.240263254947817
CCN(CC)C(=S)SSC(=S)N(CC)CC,5.966950879019385
CCN(CC)C(C)=O,1.885270732588346
CCN(CC)C1CCCCC1,3.8607157330435427
CCN(CC)CC,2.4488479705653603
CCN(CC)CCCC(C)=O,2.670270708960919
CCN(CC)CCO,1.8184779636868356
CCN(CC)N=O,2.5645322462199607
CCN(CC)c1c(cc(c(N)c1[N+]([O-])=O)C(F)(F)F)[N+]([O-])=O,5.436301484756887
CCN(CC)c1ccc(C=O)c(O)c1,4.556945723526796
CCN(CC)c1ccc(C=O)cc1,3.8701809923034594
CCN(CC)c1ccc2C(=CC(=O)Oc2c1)C,5.221850940230825
CCN(CC)c1ccccc1,3.775936501486749
CCN(CC)c1nc(C)cc(O[P](=S)(OC)OC)n1,4.979633722937033
CCN(CCO)c1cccc(C)c1,3.5300349881124315
CCN(N=O)C(N)=O,2.292432805251754
CCN1C(=O)CC(=O)N(CC)C1=S,1.6474241758621466
CCNC(=S)NCC,2.722443205967766
CCNCC,2.268130266752992
CCNCCO,1.7798011701471224
CCNCc1ccccc1,3.374372704544792
CCN[S](=O)(=O)C(F)(F)C(F)(F)C(F)(F)C(F)(F)C(F)(F)C(F)(F)C(F)(F)C(F)(F)F,4.190493189428907
CCNc1cccc(C)c1,3.4364036138570713
CCNc1ccccc1,3.5649277597871496
CCNc1nc(Cl)nc(NC(C)(C)C#N)n1,4.169284877260468
CCNc1nc(Cl)nc(NC(C)(C)C)n1,4.839704818117651
CCNc1nc(Cl)nc(NC(C)C)n1,3.858326246839382
CCNc1nc(Cl)nc(NCC)n1,3.472113003739095
CCNc1nc(NC(C)(C)C)nc(SC)n1,4.9594266206262665
CCNc1nc(NC(C)C)nc(SC)n1,4.482576111126935
CCO,0.5501088327074903
CCOC(=O)C(C)(C)Oc1ccc(Cl)cc1,5.4356833485308
CCOC(=O)C(C)N(C(=O)c1ccccc1)c2ccc(Cl)c(Cl)c2,5.522377833423775
CCOC(=O)C(C)O,2.567217578404194
CCOC(=O)C(Cc1ccccc1)C(=O)OCC,4.663650609319721
CCOC(=O)C(Cl)C(=O)OCC,5.247781393857601
CCOC(=O)C(Cl)Cc1cc(N2N=C(C)N(C(F)F)C2=O)c(F)cc1Cl,5.410982736748503
CCOC(=O)C(F)(F)F,1.152520721503349
CCOC(=O)C(O)(c1ccc(Cl)cc1)c2ccc(Cl)cc2,5.661570484489468
CCOC(=O)C(O)C(O)C(=O)OCC,2.5013626670359543
CCOC(=O)C(S[P](=S)(OC)OC)c1ccccc1,5.464261867269983
CCOC(=O)C=C,4.602567818850585
CCOC(=O)CC,3.164068048814145
CCOC(=O)CC(=O)OCC,4.012850315847144
CCOC(=O)CC(C(=O)OCC)S,3.770353285721835
CCOC(=O)CC(S[P](=O)(OC)OC)C(=O)OCC,5.947153581290546
CCOC(=O)CC(S[P](=S)(OC)OC)C(=O)OCC,6.240239114895351
CCOC(=O)CCC(=O)OCC,3.094910142560154
CCOC(=O)CCCCC(=O)OCC,4.044086824216025
CCOC(=O)CCCCCCCCC(=O)OCC,4.976059266884522
CCOC(=O)N(C(=O)OCC)C(=O)OCC,4.243914150047824
CCOC(=O)NCCOc1ccc(Oc2ccccc2)cc1,5.288954045490774
CCOC(=O)OC1=C(C(=O)NC12CCC(CC2)OC)C3=C(C=CC(=C3)C)C,5.167397584227874
CCOC(=O)\C=C/C(=O)OCC,3.980710198378533
CCOC(=O)\C=C\C(=O)OCC,4.582770189706496
CCOC(=O)c1ccc(N)cc1,3.849711087684021
CCOC(=O)c1ccccc1,4.2468541453322635
CCOC(=O)c1ccccc1C(=O)OCC,3.9850943923759474
CCOC(=O)c1ccccc1O,3.9250025927034002
CCOC(=O)c1cn2nc(O[P](=S)(OCC)OCC)cc2nc1C,5.110000939920426
CCOC(=O)c1cncn1C(C)c2ccccc2,5.602582965573432
CCOC(C)=O,2.3649183349035265
CCOC(CN(C)CC(OCC)OCC)OCC,2.617465150355362
CCOC(N)=O,1.9498484576324795
CCOC1=C(C=CC(=C1)C(C)(C)C)C2COC(=N2)C3=C(C=CC=C3F)F,5.258954373033014
CCOC1Oc2ccc(O[S](C)(=O)=O)cc2C1(C)C,4.382286114462882
CCOCC,1.4617130230074251
CCOCCOC(=O)C(C)=C,3.7567184743462647
CCOCCOC(C)=O,3.427046143052088
CCOCCOCCO,0.984656803704978
CCOCN(C(=O)CCl)c1c(C)cccc1CC,5.2201949082296
CCO[P](=O)(Cc1ccccc1)OCC,2.832029647089928
CCO[P](=O)(NC(C)C)Oc1ccc(SC)c(C)c1,4.5065869512802434
CCO[P](=O)(OCC)N=C1SCCS1,4.407052515915223
CCO[P](=O)(OCC)OC(=C\Cl)/c1ccc(Cl)cc1Cl,5.371179144814279
CCO[P](=O)(OCC)OCC,2.163533467944435
CCO[P](=O)(OCC)O[P](=O)(OCC)OCC,5.605516066031155
CCO[P](=O)(OCC)Oc1cc(C)nc(n1)C(C)C,5.976984553744729
CCO[P](=O)(OCC)Oc1ccc(cc1)[N+]([O-])=O,5.600794604485567
CCO[P](=O)(Oc1ccc(cc1)[N+]([O-])=O)c2ccccc2,6.2243109448047
CCO[P](=O)(SC(C)CC)N1CCSC1=O,3.986347823115284
CCO[P](=S)(CC)Oc1cc(Cl)c(Cl)cc1Cl,6.143020007590764
CCO[P](=S)(CC)Sc1ccccc1,7.011318406379994
CCO[P](=S)(NC(C)C)Oc1ccccc1C(=O)OC(C)C,4.538323590596389
CCO[P](=S)(NC(C)CC)Oc1cc(C)ccc1[N+]([O-])=O,4.908827506967225
CCO[P](=S)(OC(C)C)Oc1cnc(nc1)C(C)(C)C,5.595533053552059
CCO[P](=S)(OCC)OC(=C/Cl)/c1cc(Cl)ccc1Cl,5.719587355888573
CCO[P](=S)(OCC)OC1=NN(C(=O)C=C1)c2ccccc2,4.65685300718865
CCO[P](=S)(OCC)O[P](=S)(OCC)OCC,8.253021486232734
CCO[P](=S)(OCC)O\N=C(C#N)\c1ccccc1,5.5376429694516585
CCO[P](=S)(OCC)Oc1cc(C)nc(n1)C(C)C,4.9885311414444065
CCO[P](=S)(OCC)Oc1cc(Cl)c(I)cc1Cl,3.6030990799701788
CCO[P](=S)(OCC)Oc1cc(Cl)c(SC)cc1Cl,6.671319534983983
CCO[P](=S)(OCC)Oc1cc(on1)c2ccccc2,5.382037834982422
CCO[P](=S)(OCC)Oc1ccc(Cl)cc1Cl,5.384906445021567
CCO[P](=S)(OCC)Oc1ccc(cc1)[N+]([O-])=O,5.305936280705881
CCO[P](=S)(OCC)Oc1ccc(cc1)[S](C)=O,6.44766676023939
CCO[P](=S)(OCC)Oc1ccc2C(=C(Cl)C(=O)Oc2c1)C,5.610242555526588
CCO[P](=S)(OCC)Oc1nc(Cl)c(Cl)cc1Cl,6.3687095040982555
CCO[P](=S)(OCC)Oc1ncn(n1)c2ccccc2,5.273278046880197
CCO[P](=S)(OCC)SC1OCCOC1S[P](=S)(OCC)OCC,6.903092802431056
CCO[P](=S)(OCC)SCCSCC,4.958397738766085
CCO[P](=S)(OCC)SCN1C(=O)Oc2cc(Cl)ccc12,5.416411504472274
CCO[P](=S)(OCC)SCN1N=Nc2ccccc2C1=O,7.237274734075936
CCO[P](=S)(OCC)SCSC(C)(C)C,7.520564925192018
CCO[P](=S)(OCC)SCSCC,7.523665840466405
CCO[P](=S)(OCC)SCS[P](=S)(OCC)OCC,6.262662365596743
CCO[P](=S)(OCC)SCSc1ccc(Cl)cc1,6.176550307196431
CCO[P](=S)(Oc1ccc(cc1)[N+]([O-])=O)c2ccccc2,5.941417413509778
CCO[P](O)(=O)OCC,2.488838270873817
CCO[P](O)(=S)OCC,3.2308829988575924
CCO[S](C)(=O)=O,1.142690580165476
CCO[Si](OCC)(OCC)c1ccccc1,4.1153639620274625
CCOc1cc(C=O)ccc1O,3.264399870439599
CCOc1cc(NC(C)=O)ccc1C(=O)OC,4.013487537661414
CCOc1cc(Oc2ccc(cc2Cl)C(F)(F)F)ccc1[N+]([O-])=O,4.8593821065213785
CCOc1ccc(C=O)cc1,3.727897104521072
CCOc1ccc(N)c(c1)[N+]([O-])=O,3.84552496588599
CCOc1ccc(cc1)C(C)(C)COCc2cccc(Oc3ccccc3)c2,6.649025338486439
CCOc1ccc(cc1)C(c2ccc(OCC)cc2)C(Cl)(Cl)Cl,7.317258727701914
CCOc1ccc(cc1)[N+]([O-])=O,3.7954286098653522
CCOc1snc(n1)C(Cl)(Cl)Cl,5.013423618116553
CCSC(=O)N(CC(C)C)CC(C)C,5.014996293948869
CCSC(=O)N1CCCCCC1,5.568012641939406
CCSCCCCSCC,4.468839448857906
CCSCCSCC,3.397397162155089
CC[C@]1(O)C[C@H]2CN(CCc3c([nH]c4ccccc34)[C@@](C2)(C(=O)OC)c5cc6c(cc5OC)N(C=O)[C@H]7[C@](O)([C@H](OC(C)=O)[C@]8(CC)C=CCN9CC[C@]67[C@H]89)C(=O)OC)C1,4.602571988239131
CC[Pb](CC)(CC)CC,5.28622545440843
CC[S](=O)CCS[P](=O)(OC)OC,4.525900706337841
CC[Sn](CC)(CC)CC,7.329599399976343
CC\C(C)=N\O,2.014300262037966
CC\C=C/CCO,2.4197736761762974
CCc1ccc(C)nc1,3.1744208454538816
CCc1ccc(N)cc1,3.3052904492813937
CCc1ccc(O)cc1,4.06992056993521
CCc1ccc(cc1)C(=O)NN(C(=O)c2cc(C)cc(C)c2)C(C)(C)C,4.930633960381644
CCc1ccc(cc1)C(C(Cl)Cl)c2ccc(CC)cc2,7.587841405226262
CCc1cccc(C)c1N(C(C)COC)C(=O)CCl,4.433899541650813
CCc1cccc(CC)c1,4.509775609102501
CCc1cccc(CC)c1N(COC)C(=O)CCl,4.732026867328496
CCc1ccccc1,3.096604767512543
CCc1ccccc1N,3.2101210978496386
CCc1ccccn1,2.4130161524458194
CCc1nc(N)nc(N)c1c2ccc(Cl)cc2,4.572748833132465
CN,1.4921734856188797
CN(C)C,1.7716756535507092
CN(C)C(=O)C(c1ccccc1)c2ccccc2,3.563507305218754
CN(C)C(=O)N(C)C,2.198874678231192
CN(C)C(=O)NC1CC2CC1C3CCCC23,3.904321364708662
CN(C)C(=O)NC1CC2CCC1C2Cl,3.8636416241117892
CN(C)C(=O)Nc1ccc(C)c(Cl)c1,4.537441487608899
CN(C)C(=O)Nc1ccc(Cl)c(Cl)c1,4.418148540609297
CN(C)C(=O)Nc1ccc(Cl)cc1,3.1704588754785794
CN(C)C(=O)Nc1ccc(Oc2ccc(Cl)cc2)cc1,5.39421050645074
CN(C)C(=O)Nc1cccc(c1)C(F)(F)F,3.8887503123152376
CN(C)C(=O)Nc1ccccc1,2.667914310342317
CN(C)C(=O)Oc1nc(nc(C)c1C)N(C)C,2.845816647697129
CN(C)C(=S)N(C)C,2.61618658834034
CN(C)C(=S)SC(=S)N(C)C,6.739066184592595
CN(C)C(=S)SSC(=S)N(C)C,6.585080480686267
CN(C)C(=S)S[Cu]SC(=S)N(C)C,6.121131461353494
CN(C)C(C)=O,1.9401278366627084
CN(C)C(CSC(N)=O)CSC(N)=O,5.375150505367151
CN(C)C1=NC(=O)N(C2CCCCC2)C(=O)N1C,2.4614317486283293
CN(C)C=Nc1ccc(Cl)cc1C,4.00227644318743
CN(C)C=O,0.9040367318884587
CN(C)CCCN1c2ccccc2Sc3ccc(Cl)cc13,4.522891684158945
CN(C)CCOC(c1ccccc1)c2ccccc2,3.6989734057652317
CN(C)Cc1ccccc1,3.5535170129534146
CN(C)N,3.449487311580561
CN(C)N=O,1.8965907072375856
CN(C)[P](=O)(N(C)C)N(C)C,1.393609133094025
CN(C)[S](=O)(=O)N(SC(F)(Cl)Cl)c1ccc(C)cc1,5.569655736898308
CN(C)c1c(C)cc(O)cc1C,4.3607721766866785
CN(C)c1ccc(C)cc1,3.468250981109066
CN(C)c1ccc(C=O)cc1,3.5138322468423313
CN(C)c1ccc(\C=C\C=O)cc1,4.472758927735535
CN(C)c1ccc(cc1)N=Nc2ccc(cc2)N(C)C,5.518952288696354
CN(C)c1ccccc1,3.3534674139654816
CN(C)c1ccccn1,2.9831644077439186
CN(C1=CC=CC(=C1F)C(=O)NC2=C(C=C(C=C2Br)C(C(F)(F)F)(C(F)(F)F)F)C(F)(F)F)C(=O)C3=CC=CC=C3,5.7144875872565075
CN(Cc1ccc(Cl)nc1)C(C)=NC#N,4.1567875454008165
CN(N=O)C(N)=O,2.6989725322261977
CN1C(=O)OC(C)(C)C1=O,1.3400837999301498
CN1C=C(C(=N1)C(F)F)C(=O)NC2=C(C=C(C=C2)F)C3=CC(=C(C=C3)Cl)Cl,3.6002115116172337
CN1C=C(C(=N1)C(F)F)C(=O)NC2=CC=CC=C2C3CC3C4CC4,5.529081869640382
CN1C=C(c2ccccc2)C(=O)C(=C1)c3cccc(c3)C(F)(F)F,4.6368058332180215
CN1C=CNC1=S,1.6923621503232933
CN1CCCC1,3.367891787842145
CN1CCC[C@H]1c2cccnc2,4.608087238735641
CN1CCNCC1,1.638988159343682
CN1CSC(=S)N(C)C1,5.223501293305623
CN=C(NCC1CCOC1)N[N+]([O-])=O,3.6557952675876315
CNC,2.578500447334176
CNC(=O)CS[P](=O)(OC)OC,3.4537157517007673
CNC(=O)CS[P](=S)(OC)OC,4.3691983545101385
CNC(=O)OCc1cccc(Cl)c1Cl,4.530884112268055
CNC(=O)O\N=C(/C)SC,5.0339970745455
CNC(=O)O\N=C(SC)\C(=O)N(C)C,4.541138904585388
CNC(=O)O\N=C(\C)SCCC#N,4.484084468839171
CNC(=O)O\N=C1/[C@@H](Cl)C2C[C@H](C#N)C1C2,4.269293765980574
CNC(=O)O\N=C\1[C@@H](Cl)[C@@H]2C[C@H](C#N)[C@H]1C2,4.341844433129186
CNC(=O)O\N=C\C(C)(C)SC,5.495499771847372
CNC(=O)O\N=C\C(C)(C)[S](C)(=O)=O,3.673110453812086
CNC(=O)Oc1cc(C)c(N(C)C)c(C)c1,4.210195451213074
CNC(=O)Oc1cc(C)c(SC)c(C)c1,5.659804464858398
CNC(=O)Oc1ccc(N(C)C)c(C)c1,4.827246255563332
CNC(=O)Oc1ccc(cc1)C(C)(C)C,4.316542733281961
CNC(=O)Oc1cccc(C)c1,4.712839032945433
CNC(=O)Oc1cccc(c1)C(C)C,6.139982477541328
CNC(=O)Oc1cccc2CC(C)(C)Oc12,5.336294884925729
CNC(=O)Oc1cccc2ccccc12,4.6224406986880515
CNC(=O)Oc1ccccc1C(C)C,4.441012473205309
CNC(=O)Oc1ccccc1C2OCCO2,3.942208487801199
CNC(=O)Oc1ccccc1OC(C)C,4.613084913036401
CNC(=O)\C=C(/C)O[P](=O)(OC)OC,4.129699294859542
CNC1=C(C(=O)C(O1)c2ccccc2)c3cccc(c3)C(F)(F)F,4.579601678039683
CNCCC(Oc1ccc(cc1)C(F)(F)F)c2ccccc2,6.091515691778384
CNCCC=C1c2ccccc2CCc3ccccc13,4.519131067594247
CNN,4.099372917026278
CN[C@H]1CC[C@@H](c2ccc(Cl)c(Cl)c2)c3ccccc13,6.205022876209024
CN[P](=O)(OC)Oc1ccc(cc1Cl)C(C)(C)C,4.8909274934123195
CNc1ccc(F)cc1,3.5130857485883795
CNc1ccc(NCCO)c2C(=O)c3ccccc3C(=O)c12,5.471769758672569
CNc1ccc(cc1)[C+](c2ccc(cc2)N(C)C)c3ccc(cc3)N(C)C,4.698807373108081
CNc1ccccc1,3.4502328969499083
CNc1nc(NC(C)C)nc(SC)n1,4.309800492886138
CO,0.20252355866385277
COC(=O)C(C)=C,2.4316705028949457
COC(=O)C(C)N(C(=O)c1ccccc1)c2ccc(F)c(Cl)c2,4.954128951166018
COC(=O)C(C)Oc1ccc(Oc2ccc(Cl)cc2Cl)cc1,5.901059955433148
COC(=O)C(Cl)Cc1ccc(Cl)cc1,7.944362538560658
COC(=O)C12CC3=C(C1=NN(CO2)C(=O)N(C4=CC=C(C=C4)OC(F)(F)F)C(=O)OC)C=CC(=C3)Cl,5.673283452753553
COC(=O)C1=CC[C@@H](CC1)[C@H](C)CC(=O)C=C(C)C,5.51911397020204
COC(=O)C1=CC[C@@H](CC1)[C@H](C)CC(=O)CC(C)C,5.26439359757039
COC(=O)C1=CO[C@@H](O)[C@H]2[C@@H]1CC=C2CO,3.583694344442128
COC(=O)CSc1cc(N=C2SC(=O)N3CCCCN23)c(F)cc1Cl,4.521449418907455
COC(=O)C\C(O[P](=O)(OC)OC)=C\C(=O)OC,5.742963748308459
COC(=O)N(C(=O)N1CO[C@]2(Cc3cc(Cl)ccc3C2=N1)C(=O)OC)c4ccc(OC(F)(F)F)cc4,6.067363040612353
COC(=O)NC(=S)Nc1ccccc1NC(=S)NC(=O)OC,4.784225974630703
COC(=O)N[C@@H]1[C@@H](O)[C@H](O[C@@H]2O[C@H](CO)[C@@H](O[C@@H]3O[C@H](CO)[C@@H](O[C@@H]4O[C@H](CO)[C@@H](O[C@@H]5O[C@H](CO)[C@@H](O[C@@H]6O[C@H](CO)[C@@H](O[C@@H]7O[C@H](CO)[C@@H](O)[C@H](O)[C@H]7N)[C@H](O)[C@H]6N)[C@H](O)[C@H]5N)[C@H](O)[C@H]4N)[C@H](O)[C@H]3N)[C@H](O)[C@H]2N)[C@@H](CO)O[C@H]1O[C@H]8[C@H](O)[C@@H](N)[C@@H](O[C@@H]8CO)O[C@H]9[C@H](O)[C@@H](N)[C@H](O)O[C@@H]9CO,6.544309765914107
COC(=O)Nc1[nH]c2ccccc2n1,5.571983257847717
COC(=O)[C@@]1(Cl)C(Cl)CC[C@@]2(C)[C@H]1CCc3cc(ccc23)C(C)C,5.78926568743616
COC(=O)[C@@]1(Cl)CCC[C@@]2(C)[C@H]1CCc3cc(ccc23)C(C)C,5.746747038578002
COC(=O)[C@@]1(O)OC[C@@]23[C@H](C[C@@H](OC(C)=O)[C@]4(CO[C@@H]([C@@H](O)[C@](C)([C@H]12)[C@]56O[C@@]5(C)[C@H]7C[C@@H]6O[C@@H]8OC=C[C@]78O)[C@H]34)C(=O)OC)OC(=O)C(/C)=C/C,5.255707185166403
COC(=O)\C=C(/C)O[P](=O)(OC)OC,6.770903640133534
COC(=O)c1c(Cl)c(Cl)c(c(Cl)c1Cl)C(=O)SC,5.395493637265767
COC(=O)c1cc(Cl)ccc1Cl,4.168823792922092
COC(=O)c1ccc(C(=O)OC)c(c1)[N+]([O-])=O,4.5644827130770915
COC(=O)c1ccc(Cl)cc1,4.162814949118637
COC(=O)c1ccc(Cl)cc1[N+]([O-])=O,3.886474610050422
COC(=O)c1ccc(O)cc1O,3.640230976551137
COC(=O)c1ccc(c(N)c1)C(=O)OC,4.369226237371804
COC(=O)c1ccc(cc1)C#N,3.5370114056422164
COC(=O)c1ccc(cc1)[N+]([O-])=O,3.8814541889638683
COC(=O)c1ccccc1C(=O)OC,3.4525389141596268
COC(=O)c1ccccc1N,3.85110610867231
COC(C)(C)C,2.1178530435815155
COC(C)(C)CCCC(C)C\C=C\C(C)=C\C(=O)OC(C)C,5.028137843168876
COC(C)=O,2.2681786676204485
COC1=C(C=CC(=C1)CCNC(=O)C(C2=CC=C(C=C2)Cl)OCC#C)OCC#C,4.678765180422204
COC1=CC(=C(C=C1)C(=O)C2=CC=CC=C2O)O,5.031541448286859
COC1=CC(=C/Nc2cc(NC(C)=O)c(Cl)cc2Cl)/C(=O)C=C1,6.4258882824577235
COC1=NN(CS[P](=S)(OC)OC)C(=O)S1,7.236218814042805
COCC(=O)N(C(C)C(=O)OC)c1c(C)cccc1C,3.048032102292373
COCC(O)=O,1.4841232752677218
COCCCC\C(=N/OCCN)c1ccc(cc1)C(F)(F)F,5.446209176709993
COCCCNCc1cc(OC)c(OC)c(OC)c1,3.296763559851686
COCCCNc1nc(NC(C)C)nc(SC)n1,4.143844949754055
COCCN,2.1563722570706507
COCCN(C(=O)CCl)c1c(C)cccc1C,4.5819743497340255
COCCOC1=CC=CC2=C1C(=O)C(=NN2C3=CC=C(C=C3)Cl)C(=O)O,2.591536749179213
COCOC,1.036878945627404
CON(C(=O)OC)c1ccccc1COc2ccn(n2)c3ccc(Cl)cc3,6.881063385418561
CON(C)C(=O)Nc1ccc(Br)c(Cl)c1,4.98484314018037
CON(C)C(=O)Nc1ccc(Br)cc1,3.712768724308204
CON(C)C(=O)Nc1ccc(Cl)c(Cl)c1,4.828166773074925
CON(C)C(=O)Nc1ccc(Cl)cc1,3.8964551554058806
COP(=O)(OC)SC(C1=CC=CC=C1)SP(=O)(OC)OC,6.633410229108554
COP(=S)(O)OC,3.5242540452771483
CO[P+](=O)OC,2.6854073075884246
CO[P](=O)(NC(C)=O)SC,2.221459289260166
CO[P](=O)(OC)C(O)C(Cl)(Cl)Cl,4.912360412015085
CO[P](=O)(OC)OC,1.3006426131729474
CO[P](=O)(OC)OC(/C)=C/C(=O)N(C)C,4.199008778020835
CO[P](=O)(OC)OC(/C)=C/C(=O)OC(C)c1ccccc1,6.110854355680853
CO[P](=O)(OC)OC(=C/Cl)/c1cc(Cl)c(Cl)cc1Cl,5.366633217625743
CO[P](=O)(OC)OC(Br)C(Cl)(Cl)Br,6.238256010839558
CO[P](=O)(OC)OC=C(Cl)Cl,4.755917403957353
CO[P](=O)(OC)Oc1ccc(c(C)c1)[N+]([O-])=O,4.516427358425
CO[P](=O)(OC)Oc1ccc(cc1)[N+]([O-])=O,5.262092419154397
CO[P](=O)(OC)Oc1nc(Cl)c(Cl)cc1Cl,8.135171283030274
CO[P](=S)(OC)Oc1cc(C)c(SC)c(C)c1,5.8031630924771145
CO[P](=S)(OC)Oc1cc(Cl)c(Cl)cc1Cl,5.385108602887614
CO[P](=S)(OC)Oc1cc(Cl)c(I)cc1Cl,7.160840685812576
CO[P](=S)(OC)Oc1ccc(SC)c(C)c1,4.969946026037781
CO[P](=S)(OC)Oc1ccc(Sc2ccc(O[P](=S)(OC)OC)cc2)cc1,5.223227894134959
CO[P](=S)(OC)Oc1ccc(c(C)c1)[N+]([O-])=O,4.925658865383243
CO[P](=S)(OC)Oc1ccc(c(Cl)c1)[N+]([O-])=O,4.860930784546093
CO[P](=S)(OC)Oc1ccc(cc1)[N+]([O-])=O,4.609399754499188
CO[P](=S)(OC)Oc1ccc(cc1Cl)[N+]([O-])=O,5.269594658609903
CO[P](=S)(OC)Oc1nc(Cl)c(Cl)cc1Cl,5.7161731657668655
CO[P](=S)(OC)SCN1C(=O)c2ccccc2C1=O,5.7533203675303515
CO[P](=S)(OC)SCN1N=Nc2ccccc2C1=O,5.689424406020237
CO[P](=S)(OC)SCSc1ccc(Cl)cc1,5.4417611933134316
CO[P](=S)(OC)SCc1ccc(S[P](=S)(OC)OC)cc1,6.638636959882944
CO[P](=S)(Oc1cc(Cl)c(Br)cc1Cl)c2ccccc2,7.012913114197295
CO[P](N)(=O)SC,3.12810949098961
CO[P](O)(=O)OC,3.8452634540257415
CO[S](C)(=O)=O,1.8013681710452314
CO[Si](OC)OC,2.9607595574428203
CO\C=C(C(=O)OC)/c1ccccc1Oc2cc(Oc3ccccc3C#N)ncn2,5.45361346322449
CO\N=C(C(=O)OC)/c1ccccc1COc2ccccc2C,4.454928498632955
CO\N=C(C(=O)OC)\c1ccccc1CO\N=C(/C)c2cccc(c2)C(F)(F)F,4.09254627107411
CO\N=C(C1=NOCCO1)/c2ccccc2Oc3ncnc(Oc4ccccc4Cl)c3F,5.595328433752932
COc1c(Cl)c(Cl)c(Cl)c(Cl)c1Cl,5.78266916924639
COc1c(Cl)ccc(Cl)c1C(O)=O,3.848855869279977
COc1c(O)c(Cl)c(Cl)c(Cl)c1Cl,5.913017025625972
COc1c(O)c(Cl)cc(Cl)c1Cl,5.481870501109931
COc1c(O)c(OC)c(Cl)c(Cl)c1Cl,4.879298316334955
COc1c(O)cc(Cl)c(Cl)c1Cl,5.481870501109931
COc1cc(C=O)cc(Br)c1O,3.587722243344461
COc1cc(C=O)ccc1O,3.1086474225294083
COc1cc(CC=C)ccc1O,3.8351724905892866
COc1cc(Cl)c(Cl)cc1O,4.619848180535609
COc1cc(NC(=O)C(N=Nc2ccc(cc2Cl)c3ccc(N=NC(C(C)=O)C(=O)Nc4cc(OC)c(Cl)cc4OC)c(Cl)c3)C(C)=O)c(OC)cc1Cl,4.259805108775274
COc1cc(O)c(C=O)c(OC)c1,4.824326131156075
COc1cc(OC)c(C=O)cc1OC,3.5980982311467358
COc1cc(OC)nc(NC(=O)N[S](=O)(=O)c2n(C)ncc2c3nnn(C)n3)n1,3.4402577243241335
COc1cc(OC)nc(NC(=O)N[S](=O)(=O)c2ncccc2C(F)(F)F)n1,4.267523716385462
COc1cc2OC3OC=CC3c2c4OC(=O)C5=C(CCC5=O)c14,5.684691250024667
COc1cc2OC[C@H]3Oc4c5C[C@@H](Oc5ccc4C(=O)[C@H]3c2cc1OC)C(C)=C,6.659203118188372
COc1ccc(C(C)=O)c(O)c1,3.440017609090434
COc1ccc(C(C)=O)c(OC)c1OC,3.0747262894340293
COc1ccc(C=O)c(OC)c1,3.76268640418097
COc1ccc(CC=C)cc1OC,4.342498224918948
COc1ccc(CCN(C)CCCC(C#N)(C(C)C)c2ccc(OC)c(OC)c2)cc1OC,5.223071035893038
COc1ccc(N)cc1,3.4192407081499616
COc1ccc(NC(=O)N(C)C)cc1Cl,3.2985284440482023
COc1ccc(O)c(c1)C(C)(C)C,4.565762424273316
COc1ccc(O)cc1,3.1102981127187843
COc1ccc(OC)c(c1)C(=O)CBr,6.607285762833199
COc1ccc(OC)cc1,3.0411413695308243
COc1ccc(\C=C\C)cc1,4.284936515905168
COc1ccc(c(O)c1)C(=O)c2ccccc2,4.55172035783078
COc1ccc(cc1)C(C)(C)c2ccc(OC)cc2,5.329643604913164
COc1ccc(cc1)C(c2ccc(OC)cc2)C(Cl)(Cl)Cl,6.806246570751166
COc1ccc(cc1)[C@@H]2Sc3ccccc3N(CCN(C)C)C(=O)[C@@H]2OC(C)=O,4.325387211168441
COc1ccc(cc1)[N+]([O-])=O,3.3399820948671604
COc1ccc2n(c(C)c(CC(O)=O)c2c1)C(=O)c3ccc(Cl)cc3,3.408935610837772
COc1ccc2nc([nH]c2c1)[S](=O)Cc3ncc(C)c(OC)c3C,4.045768247417707
COc1cccc(C=O)c1O,4.614067378234098
COc1cccc(O)c1,3.224676522879292
COc1cccc(OC)c1C,3.8770433084065576
COc1ccccc1C(N)=O,3.100270002350149
COc1ccccc1[N+]([O-])=O,2.957707692591781
COc1nc(Cl)c(Cl)cc1Cl,4.664525477787429
CSC(/C)=N/OC(=O)N(C)SN(C)C(=O)O\N=C(/C)SC,5.134617163891672
CSC(=O)c1c(CC(C)C)c(C(=O)SC)c(nc1C(F)F)C(F)(F)F,5.682922686730888
CSC(=O)c1cccc2nnsc12,5.281411479089589
CSC1=NN=C(C(=O)N1N)C(C)(C)C,3.5374914525650123
CSCCCCCCSC,4.246990699241549
CSc1nc(NC(C)C)nc(NC(C)C)n1,4.961930189895377
CSc1nc(NC2CC2)nc(NC(C)(C)C)n1,5.459281089550896
CSc1sc2ccccc2n1,4.418284800041719
C[C@@H]1C[C@H]2[C@@H]3CCC4=CC(=O)C=C[C@]4(C)[C@@]3(F)[C@@H](O)C[C@]2(C)[C@@]1(O)C(=O)CO,6.188969428995304
C[C@@]1(CC[C@H]2C(=CC[C@@H]3[C@]2(C)CCC[C@@]3(C)C(O)=O)C1)C=C,5.54114582344547
C[C@H]1C(SC(=O)N1C(=O)NC2CCCCC2)c3ccc(Cl)cc3,5.04248568136549
C[C@H]1CCCC[C@H]1C,4.2049567439674345
C[C@H]1OC=C2C(=O)C(=C(O)O)C(=O)C(=C2[C@@H]1C)C,9.921252831431694
C[C@]12CC[C@H]3[C@@H](CCc4cc(O)ccc34)[C@@H]1CC[C@@H]2O,5.154637279079298
C[C@]12CC[C@H]3[C@@H](CCc4cc(O)ccc34)[C@@H]1CC[C@@]2(O)C#C,5.241443929992307
C[Hg+],7.634729108081331
C[Hg]Cl,6.379112317974584
C[N+](C)(CCCN[S](=O)(=O)CCC(F)(F)C(F)(F)C(F)(F)C(F)(F)C(F)(F)C(F)(F)F)CC([O-])=O,3.9473367267214163
C[S](=O)(=O)Oc1ccc(Cl)cc1Cl,4.7540699371592865
C[S](=O)(=O)c1cc(ccc1C(=O)c2cnoc2C3CC3)C(F)(F)F,6.276733833297016
C[S](C)=O,0.1768478310759226
C[Se]CC[C@H](N)C(O)=O,6.195933011395133
C[Si](Cn1cncn1)(c2ccc(F)cc2)c3ccc(F)cc3,4.037812220355928
C[Si]1(C)O[Si](C)(C)O[Si](C)(C)O[Si](C)(C)O1,7.268930340348624
C[n+]1ccc(cc1)c2cc[n+](C)cc2,4.190933689231714
C\C=C/C=O,4.9944039074605575
Cc1[nH]ccn1,2.4580088617696823
Cc1c(COC(=O)C2C(\C=C(/Cl)C(F)(F)F)C2(C)C)cccc1c3ccccc3,6.626210983790432
Cc1c(Cl)cc(c(O)c1C(=O)Nc2ccc(cc2Cl)[N+]([O-])=O)C(C)(C)C,7.599072651809868
Cc1c(Cl)cccc1NC=O,3.5610680980018348
Cc1c(Cl)cccc1[N+]([O-])=O,4.3195009088989496
Cc1c(F)c(F)c(COC(=O)C2C(\C=C(/Cl)C(F)(F)F)C2(C)C)c(F)c1F,4.5653364151947
Cc1c(N)c(ccc1[N+]([O-])=O)[N+]([O-])=O,5.371628225344339
Cc1c(N)cc(cc1[N+]([O-])=O)[N+]([O-])=O,4.120177450065178
Cc1c(N)cccc1[N+]([O-])=O,3.4837452447811996
Cc1c(O)ccc(Cl)c1C,5.286340016838916
Cc1c(cc(N)cc1[N+]([O-])=O)[N+]([O-])=O,4.455947690671986
Cc1c(cc(cc1[N+]([O-])=O)[N+]([O-])=O)[N+]([O-])=O,4.976067083368499
Cc1c(ccc(N)c1[N+]([O-])=O)[N+]([O-])=O,4.24954431069722
Cc1c(ccc(c1[N+]([O-])=O)[N+]([O-])=O)[N+]([O-])=O,6.316687702056293
Cc1c(cccc1[N+]([O-])=O)[N+]([O-])=O,3.9932216816768507
Cc1c[nH]c2ccccc12,4.171408740150403
Cc1cc(C)c(O)c(C)c1,4.020214622933007
Cc1cc(C)c(c(C)c1)C2=C(OC(=O)CC(C)(C)C)C3(CCCC3)OC2=O,4.378443619920442
Cc1cc(C)c(cc1[N+]([O-])=O)[N+]([O-])=O,4.39498778948699
Cc1cc(C)c2ccccc2c1,4.963309951669517
Cc1cc(C)c2ncccc2c1,4.7815233944839095
Cc1cc(C)cc(N)c1,3.6961832168007627
Cc1cc(C)nc(Nc2ccccc2)n1,4.363402791607511
Cc1cc(Cl)cc(Cl)c1O,4.880247419509572
Cc1cc(Cl)ccc1O,4.7923460039451244
Cc1cc(Cl)ccc1OCCCC(O)=O,4.262308674749025
Cc1cc(Cl)nc(N)n1,3.0066567530747608
Cc1cc(N)c(O)cc1C,5.535237138894696
Cc1cc(N)c(cc1[N+]([O-])=O)[N+]([O-])=O,4.914585539697636
Cc1cc(O)c(cc1[N+]([O-])=O)[N+]([O-])=O,4.791809028997443
Cc1cc(O)cc(C)c1Cl,4.979981187669868
Cc1cc(O)cc(C)c1N,5.359145879839015
Cc1cc(O)ccc1Cl,4.2937358333917235
Cc1cc(c(O)c(c1)C(C)(C)C)C(C)(C)C,4.212791111771469
Cc1cc(cc(c1)[N+]([O-])=O)[N+]([O-])=O,3.912127850095061
Cc1cc(cc(c1O)[N+]([O-])=O)[N+]([O-])=O,5.146226970745699
Cc1cc(ccc1N)[N+]([O-])=O,3.2442614222846937
Cc1cc(ccc1O)C(C)(C)c2ccc(O)c(C)c2,5.06247187651015
Cc1cc(ccc1[N+]([O-])=O)[N+]([O-])=O,5.146450057773028
Cc1cc2cccc(C)c2cc1C,4.424919901023982
Cc1cc2cccnc2cc1C,4.315683150173936
Cc1ccc(C)c(C)c1,4.1922691014609805
Cc1ccc(C)c(O)c1C,4.220344122856127
Cc1ccc(C)c(OCCCC(C)(C)C(O)=O)c1,4.1177208498509925
Cc1ccc(C)c2ccccc12,5.120694855208672
Cc1ccc(C)cc1,4.091612657059242
Cc1ccc(Cl)c(Cl)c1,4.6728833838450665
Cc1ccc(Cl)c(N)c1,5.436736560649114
Cc1ccc(Cl)cc1,4.45893300029345
Cc1ccc(Cl)cc1[N+]([O-])=O,4.30141923694758
Cc1ccc(N)c(Cl)c1,3.595971871816027
Cc1ccc(N)c(c1)[N+]([O-])=O,3.7878288389346877
Cc1ccc(N)cc1,3.0543477341687595
Cc1ccc(N)cc1N,2.0308265373441396
Cc1ccc(N)cc1[N+]([O-])=O,3.7681504131101486
Cc1ccc(O)c(C)c1,3.9471204372097626
Cc1ccc(O)cc1,3.858474938947544
Cc1ccc(O)cc1C,3.940825873555752
Cc1ccc(O[P](=O)(Oc2ccc(C)cc2)Oc3ccc(C)cc3)cc1,4.955575956199146
Cc1ccc(O[P](=O)(Oc2ccccc2)Oc3ccccc3)cc1,5.506575226568797
Cc1ccc(c(N)c1)[N+]([O-])=O,3.787102746553711
Cc1ccc(c(N)c1[N+]([O-])=O)[N+]([O-])=O,4.208436950734494
Cc1ccc(c(O)c1)[N+]([O-])=O,3.5129822769456998
Cc1ccc(c(c1)[N+]([O-])=O)[N+]([O-])=O,5.0843021510241835
Cc1ccc(cc1)[N+]([O-])=O,3.5054664340438317
Cc1ccc(cc1)[S](=O)(=O)n2ccnc2,3.7257026138175635
Cc1ccc(cc1C)[N+]([O-])=O,4.0675735215691535
Cc1ccc(cc1N)[N+]([O-])=O,3.6287298285341905
Cc1ccc(cc1N=C=O)N=C=O,3.005165052046034
Cc1ccc(cc1[N+]([O-])=O)[N+]([O-])=O,3.8990764488129583
Cc1ccc2ccccc2c1,4.879414280014565
Cc1ccc2n[nH]nc2c1,3.781931536530558
Cc1ccc2nc(C)ccc2c1,4.30454495281836
Cc1ccc2nc3SC(=O)Sc3nc2c1,6.141598539848233
Cc1cccc(C)c1,3.8085096919513615
Cc1cccc(C)c1O,3.7449803438582343
Cc1cccc(Cl)c1C#N,4.001710794894383
Cc1cccc(Cl)c1N,5.542540286817152
Cc1cccc(Cl)n1,2.740274187871284
Cc1cccc(Nc2ccccc2C(O)=O)c1C,4.477283274673753
Cc1cccc(O)c1,3.8325892409191544
Cc1cccc(O)c1[N+]([O-])=O,3.5213792094917693
Cc1cccc(c1)[N+]([O-])=O,3.6600365567703657
Cc1cccc(c1C)[N+]([O-])=O,4.38705955889952
Cc1cccc(c1N)[N+]([O-])=O,3.796674246162592
Cc1cccc(c1[N+]([O-])=O)[N+]([O-])=O,5.030697166200249
Cc1cccc2ccccc12,4.198660141053964
Cc1cccc2n[nH]nc12,3.3250136678991824
Cc1cccc2sc3nncn3c12,4.131512652732869
Cc1ccccc1,3.2131738173273408
Cc1ccccc1C,3.819167760133418
Cc1ccccc1C#N,3.4184384769510947
Cc1ccccc1C=O,3.357093467193494
Cc1ccccc1F,3.7530028924948082
Cc1ccccc1N,3.1199259479726504
Cc1ccccc1N=Nc2c(N)ccc3ccccc23,5.72708032386584
Cc1ccccc1O,3.758675010697794
Cc1ccccc1[N+]([O-])=O,3.6585913158961847
Cc1ccccn1,2.0162924965712654
Cc1cccnc1,2.8107224475201082
Cc1ccncc1,2.363779893474248
Cc1cocn1,1.776533958714753
Cc1nnc(N)nc1C,2.115299280949624
Cc1oc(C)c(C)n1,2.394608008707355
Cc1oc(C)cc1,3.1309848237757882
Cc1onc(N[S](=O)(=O)c2ccc(N)cc2)c1,2.653483514748343
ClBr,5.43830282282404
ClC(=O)c1ccccc1,3.6075600805063237
ClC(Br)Br,3.694906438665128
ClC(Cl)(Cl)C(Cl)(Cl)Cl,5.274024232406656
ClC(Cl)(Cl)Cl,3.5886293082498306
ClC(Cl)(Cl)SN1C(=O)C2CC=CCC2C1=O,6.328761194956463
ClC(Cl)(Cl)SN1C(=O)c2ccccc2C1=O,6.450501187699061
ClC(Cl)=C,3.1172892154214784
ClC(Cl)=C(Cl)C(Cl)=C(Cl)Cl,5.913817183360987
ClC(Cl)=C(Cl)Cl,4.09256877790123
ClC(Cl)Br,3.357058283930894
ClC(Cl)C(Cl)(Cl)Cl,4.437347072293823
ClC(Cl)C(Cl)(Cl)SN1C(=O)C2CC=CCC2C1=O,6.220688254648903
ClC(Cl)C(Cl)Cl,3.902702050850112
ClC(Cl)C(c1ccc(Cl)cc1)c2ccc(Cl)cc2,6.660114363650709
ClC(Cl)Cl,3.3326313155388623
ClC(Cl)c1c(Cl)cccc1Cl,5.162921552725504
ClC1(Cl)C2(Cl)C3(Cl)C4(Cl)C(=O)C5(Cl)C3(Cl)C1(Cl)C5(Cl)C24Cl,6.871218130977523
ClC1(Cl)C2(Cl)C3CC4C5C3C1(Cl)C5(Cl)C24Cl,5.990964713371099
ClC1=C(Cl)C(Cl)(Cl)C(=C1Cl)Cl,6.46731843161185
ClC1=C(Cl)C2(Cl)C3C4CC(C5OC45)C3C1(Cl)C2(Cl)Cl,8.133667763403059
ClC1=C(Cl)C2(Cl)C3C4CC(C=C4)C3C1(Cl)C2(Cl)Cl,7.331741604102331
ClC1=C(Cl)C2(Cl)C3C=CCC3C1(Cl)C2(Cl)Cl,6.19158431855927
ClC1=C(Cl)C2(Cl)C3CO[S](=O)(=O)OCC3C1(Cl)C2(Cl)Cl,8.450175179562368
ClC1=C(Cl)C2(Cl)C3CO[S](=O)OCC3C1(Cl)C2(Cl)Cl,8.384217053290392
ClC1=C(Cl)C2(Cl)C=CC1(Cl)C2(Cl)Cl,6.293365100580874
ClC1=C(Cl)C2(Cl)[C@@H]3CO[S](=O)OC[C@@H]3[C@@]1(Cl)C2(Cl)Cl,7.980319739123265
ClC1=C(Cl)C2(Cl)[C@H]3CO[S](=O)OC[C@H]3[C@]1(Cl)C2(Cl)Cl,8.831367390787378
ClC1=C(Cl)[C@]2(Cl)[C@H]3[C@H]4C[C@H](C=C4)[C@H]3[C@@]1(Cl)C2(Cl)Cl,7.48300927943298
ClC1=CC=CC(=O)N1,2.7820102344416084
ClC1=CNC(=O)C=C1,2.0555191564543267
ClC1C(Cl)C(Cl)C(Cl)C(Cl)C1Cl,6.430218434385167
ClC1C(Cl)C2(Cl)C(=CC1(Cl)C2(Cl)Cl)Cl,6.669723166811939
ClC1C(Cl)C2(Cl)C3C4C=CC5C3C1(Cl)C2(Cl)C45Cl,6.60794801604128
ClC1C2(Cl)C3C4C5OC5C6C4C1(Cl)C(Cl)(C36)C2(Cl)Cl,7.103704540025615
ClC1C2C(C3OC13Cl)C4(Cl)C(=C(Cl)C2(Cl)C4(Cl)Cl)Cl,8.099908574869804
ClC1C2C3C4C1C5(Cl)C2(Cl)C(Cl)(Cl)C3(Cl)C45Cl,7.668992433493165
ClC1C2OC2C3C1C4(Cl)C(=C(Cl)C3(Cl)C4(Cl)Cl)Cl,7.5022610851755
ClC1C=CC2C1C3(Cl)C(=C(Cl)C2(Cl)C3(Cl)Cl)Cl,7.293328819532279
ClC1CC2C(C1Cl)C3(Cl)C(=C(Cl)C2(Cl)C3(Cl)Cl)Cl,6.966203376231932
ClC1CCCCC1Cl,3.9200211860841483
ClC=C(Cl)Cl,3.3750492425100003
ClCBr,3.2858057708394157
ClCC#N,4.747601678492215
ClCC(=C)CCl,5.820441260067511
ClCC(=C)c1ccccc1,5.692261137609053
ClCC(=O)c1ccc(Cl)cc1,4.208370144240261
ClCC(CCl)O[P](=O)(OC(CCl)CCl)OC(CCl)CCl,5.022002216235209
ClCC(Cl)(Cl)Cl,3.92389134992005
ClCC(Cl)C=C,4.184202664533606
ClCC(Cl)CCl,3.408169273607957
ClCC(Cl)Cl,3.2317963961068186
ClCC1(CCl)C(=C)C2(Cl)C(Cl)C(Cl)C1(Cl)C2(Cl)Cl,7.7727106676515865
ClCC1CO1,3.8392026739791154
ClCC=C,3.3641706189205105
ClCCCCCCl,3.7462248573337
ClCCCCCl,3.3795757236988404
ClCCCCl,2.9357571818714634
ClCCCl,2.467671303627422
ClCCN(CCCl)[P]1(=O)NCCCO1,2.0757232090397664
ClCCN[P]1(=O)OCCCN1CCCl,2.494852516781742
ClCCOC(=O)NC1CCCCC1,3.769134576684451
ClCCOC=C,2.4279583663306026
ClCCOCCCl,2.3772242666034584
ClCCOCOCCCl,2.9733261736218175
ClCCO[P](=O)(OCCCl)OCCCl,3.16353993662226
ClCCl,2.505830590551057
ClC[C@@]1(C(Cl)Cl)C2[C@@H](Cl)[C@H](Cl)C1(C(Cl)Cl)[C@@H](Cl)[C@@H]2Cl,7.378064745325308
ClC\C=C/Cl,4.6797215147471585
ClCc1ccc(CCl)cc1,6.5619407250631765
ClCc1ccccc1,4.239062816659181
ClCl,5.649285862014089
ClNCl,5.278010644744001
Cl\C=C\Cl,2.804714945206382
Clc1c(Cl)c(C#N)c(Cl)c(C#N)c1Cl,6.994572199644749
Clc1c(Cl)c(Cl)c(Cl)c(Cl)c1Cl,4.463379969193257
Clc1cc(Cl)c(Cl)c(Cl)c1,4.045724580030247
Clc1cc(Cl)c(Cl)c(Cl)c1Cl,6.000588504401591
Clc1cc(Cl)c(Cl)cc1Cl,4.334240572843263
Clc1cc(Cl)cc(c1)c2cc(Cl)cc(Cl)c2,6.519323651461226
Clc1cc2Oc3c(Cl)c(Cl)c(Cl)c(Cl)c3Oc2cc1Cl,8.129627674269468
Clc1cc2Oc3cc(Cl)c(Cl)c(Cl)c3Oc2cc1Cl,10.120597083212623
Clc1cc2Oc3cc(Cl)c(Cl)cc3Oc2cc1Cl,10.393877450716856
Clc1cc2oc3cc(Cl)c(Cl)cc3c2cc1Cl,10.281565960800847
Clc1ccc(C(Cn2ccnc2)OCC=C)c(Cl)c1,5.302765169836148
Clc1ccc(C=O)c(Cl)c1,4.987800285751872
Clc1ccc(C=O)cc1,4.594284570473263
Clc1ccc(CCC(Cn2cncn2)(C#N)c3ccccc3)cc1,5.065007609930764
Clc1ccc(Cl)c(Cl)c1,4.927375663222773
Clc1ccc(Cl)c(Cl)c1Cl,5.721456716123527
Clc1ccc(Cl)c(c1)c2ccccc2Cl,6.881939795150227
Clc1ccc(Cl)cc1,4.504571320442745
Clc1ccc(NC(=O)Nc2ccc(Cl)c(Cl)c2)cc1,6.607024502288766
Clc1ccc(O[S](=O)(=O)c2ccc(Cl)cc2)cc1,5.542161241042069
Clc1ccc(Oc2cc(Cl)c(Cl)cc2Cl)cc1Cl,5.752680496056693
Clc1ccc(Oc2ccc(Cl)c(Cl)c2)cc1Cl,6.256558999060352
Clc1ccc(Oc2ccc(Cl)c(Cl)c2Cl)cc1Cl,7.501155659920893
Clc1ccc(Oc2cccc(C=O)c2)cc1Cl,5.949570518516734
Clc1ccc(Sc2cc(Cl)c(Cl)cc2Cl)cc1,4.080155777145833
Clc1ccc(c(Cl)c1)c2ccc(Cl)cc2Cl,6.608038456375198
Clc1ccc(c(Cl)c1Cl)c2ccc(Cl)c(Cl)c2Cl,6.378388273653492
Clc1ccc(cc1)C(=C(Cl)Cl)c2ccc(Cl)cc2,6.559787479213734
Clc1ccc(cc1)C(c2ccc(Cl)cc2)C(Cl)(Cl)Cl,7.6305586443443705
Clc1ccc(cc1)[S](=O)(=O)c2cc(Cl)c(Cl)cc2Cl,5.45663405014749
Clc1ccc(cc1)c2cc(Cl)c(Cl)c(Cl)c2,7.272664146193607
Clc1ccc(cc1)c2ccccc2,5.241579993188041
Clc1ccc(cc1Cl)c2cc(Cl)c(Cl)c(Cl)c2,6.583526600637457
Clc1ccc(cc1Cl)c2ccc(Cl)c(Cl)c2,5.687219702422823
Clc1ccc2C(=O)c3ccccc3C(=O)c2c1,4.535519145738954
Clc1ccc2SC(=S)Nc2c1,4.798207325271238
Clc1cccc(Cl)c1,4.234973960320771
Clc1cccc(Cl)c1C#N,4.081751604095776
Clc1cccc(Cl)c1Cl,4.991582850660546
Clc1cccc(c1)c2cc(Cl)cc(Cl)c2,5.757751241344001
Clc1cccc(c1)c2ccccc2,4.990115615053348
Clc1cccc(c1Cl)c2ccc(Cl)c(Cl)c2Cl,6.341092906608688
Clc1cccc(n1)C(Cl)(Cl)Cl,4.4883795970879
Clc1cccc2C(=O)c3c(Cl)cccc3C(=O)c12,4.672751893574107
Clc1cccc2C(=O)c3cccc(Cl)c3C(=O)c12,4.672751893574107
Clc1cccc2C(=O)c3ccccc3C(=O)c12,4.535519145738954
Clc1cccc2ccccc12,4.746206506068704
Clc1ccccc1,3.7030753630237747
Clc1ccccc1C=C(C#N)C#N,5.395369591299821
Clc1ccccc1C=O,4.515451142095359
Clc1ccccc1Cl,4.4310972038208245
Clc1ccccc1c2ccccc2,5.305016611380791
Clc1nc(Cl)c(Cl)c(Cl)c1Cl,5.729997259939211
Clc1nc(Cl)nc(Nc2ccccc2Cl)n1,6.041459562464837
Cn1cccc1C(C)=O,2.894552396151831
Cn1cnc2N(C)C(=O)N(C)C(=O)c12,2.57651291558231
Cn1nc(C)c(C(=O)c2ccc(Cl)cc2Cl)c1OCC(=O)c3ccccc3,5.172446861003888
Cn1nc(C)c(\C=N\OCc2ccc(cc2)C(=O)OC(C)(C)C)c1Oc3ccccc3,6.42972496156033
FB(F)F,0.6551768662508926
FC(C(F)(F)F)C(F)(F)Oc1cc(Cl)c(NC(=O)NC(=O)c2c(F)cccc2F)cc1Cl,5.671522184655358
FC(F)(F)c1ccc(OCCCOc2c(Cl)cc(OCC=C(Cl)Cl)cc2Cl)nc1,5.992217616036222
FC(F)(F)c1cccc(C=O)c1,5.187772709219922
FC(F)(F)c1cccc(c1)C#N,3.5547849304687347
FC(F)(F)c1ccccc1C#N,3.6079908585471747
FC(F)(F)c1ccncc1C(=O)NCC#N,3.726672253152179
FC(F)(F)c1nc2cc(Cl)c(Cl)cc2n1C(=O)Oc3ccccc3,6.011933157778669
FC(F)(I)C(F)(F)C(F)(F)C(F)(F)C(F)(F)C(F)(F)I,2.657572685663512
FC(F)(I)C(F)(F)C(F)(F)C(F)(F)I,2.655603638765198
FC(F)C(F)(F)OCC(Cn1cncn1)c2ccc(Cl)cc2Cl,4.692195060837391
FC1=CN(C2CCCO2)C(=O)NC1=O,1.5185571545338428
FC1=CNC(=O)NC1=O,1.7303884848737958
FCCOC(=O)Cc1ccc(cc1)c2ccccc2,5.430368152954054
Fc1c(F)c(F)c(C=O)c(F)c1F,5.178476656429024
Fc1cc2OCC(=O)N(CC#C)c2cc1N3C(=O)C4=C(CCCC4)C3=O,5.2074429385149745
Fc1ccc(Oc2ccc(F)cc2)cc1,5.262026149250369
Fc1ccc(cc1)[C@@]2(Cn3cncn3)O[C@H]2c4ccccc4Cl,4.646044335682265
Fc1ccc2N=C(n3cncn3)N(C(=O)c2c1)c4ccc(Cl)cc4Cl,5.373036386799146
Fc1cccc(Cl)c1C=O,4.226601274713872
Fc1cccc(F)c1C(=O)NC(=O)Nc2ccc(Cl)cc2,3.196255435024142
Fc1ccccc1C=O,4.957100205315863
IC(I)I,5.129816758411464
II,5.1664592037595165
N,4.203761350938872
N#CCC#N,4.933467566463605
N#CCCCCC#N,1.7484451200916442
N#CCCCCCCC#N,2.411536807690963
N#CCCNCCC#N,1.1336782134789798
N#CSCSC#N,5.717008682490377
N#CSCSc1sc2ccccc2n1,7.055017726025039
N#Cc1cccc(c1)C#N,3.6354230477925626
N#Cc1ccccc1,3.581995986038145
N#Cc1ccccc1C#N,3.577788036762998
N#Cc1ccccn1,2.1565641686896866
N(Nc1ccccc1)c2ccccc2,5.510116134270201
N(c1ccccc1)c2cccc3ccccc23,6.393744093645621
N(c1ccccc1)c2ccccc2,4.8860469746628885
N/C(N\N=C\c1ccc(Cl)cc1)=N\N=C\c2ccc(Cl)cc2,6.43597381088245
NC#N,2.655190089185636
NC(=O)C(Br)(Br)C#N,5.072993863718967
NC(=O)C(Br)Br,3.3672450551555144
NC(=O)C(Cl)Cl,2.725050400811632
NC(=O)C=C,2.647621326495109
NC(=O)COc1ccc(Cl)cc1Cl,4.811052323830986
NC(=O)N1c2ccccc2C=Cc3ccccc13,3.82441267171922
NC(=O)NO,1.370591542952512
NC(=O)Nc1ccc(Cl)cc1,3.3746439847041354
NC(=O)c1c(Cl)cccc1Cl,2.723567114674423
NC(=O)c1ccc(Cl)cc1Cl,3.298361990670996
NC(=O)c1ccc(cc1)[N+]([O-])=O,3.0966121089273893
NC(=O)c1cccc(Br)c1,3.329620555275811
NC(=O)c1ccccc1,2.263082524764257
NC(=O)c1ccccc1N,2.5374333091564605
NC(=O)c1ccccc1O,3.132836437707385
NC(N)=NCCCCCCCCNCCCCCCCCN=C(N)N,5.602227648879866
NC(N)=N[N+]([O-])=O,1.895761537254509
NC(N)=O,2.17871308891258
NC12CC3CC(CC(C3)C1)C2,3.781763988672467
NC1CCCCC1,3.0421684577628834
NCC=C,3.628969431197219
NCCCN,1.7944294627166668
NCCCN1CCN(CCCN)CC1,1.8103842971909834
NCCN,2.059208125087608
NCCN1CCNCC1,1.770841928068341
NCCNCCN,2.0135492210177186
NCCO,2.288663314294219
NC[P](O)(O)=O,3.2080055480058527
NCc1ccccc1,3.021416321804801
NCl,4.892060856664441
NN,3.955312988192358
NNC(=O)c1ccncc1,3.6505187979490836
NNC(N)=S,3.6416409241216705
N[S](O)(=O)=O,3.487575031372171
Nc1[nH]ncn1,2.5208273109498185
Nc1c(Cl)c(Cl)c(Cl)c(Cl)c1Cl,6.675637611651626
Nc1c(Cl)c(Cl)cc(Cl)c1Cl,5.930474526383007
Nc1c(Cl)c(Cl)nc(C(O)=O)c1Cl,4.184224704406088
Nc1c(F)c(F)c(F)c(F)c1F,3.693264621976856
Nc1c(O)cccc1[N+]([O-])=O,6.038653976948408
Nc1cc(Cl)c(Cl)c(Cl)c1Cl,6.062410864815619
Nc1cc(Cl)c(Cl)cc1Cl,4.918534636010753
Nc1cc(Cl)cc(Cl)c1,4.457391692935
Nc1cc(Cl)ccc1Cl,4.979117025950186
Nc1cc(cc(c1)[N+]([O-])=O)[N+]([O-])=O,4.4170248765577
Nc1cc(cc(c1O)[N+]([O-])=O)[N+]([O-])=O,3.5045489722693457
Nc1cc(ccc1O)[N+]([O-])=O,5.531774887590956
Nc1ccc(Br)cc1,3.5588979568935635
Nc1ccc(Br)cn1,2.9901054703863466
Nc1ccc(Cl)c(Cl)c1,4.560231088616317
Nc1ccc(Cl)c(Cl)c1Cl,4.737007291209891
Nc1ccc(Cl)cc1,3.581259055732507
Nc1ccc(Cl)cc1C#N,3.7271429626391
Nc1ccc(Cl)cc1Cl,4.1637324685306165
Nc1ccc(F)c(c1)C(F)(F)F,3.7745678864659387
Nc1ccc(F)cc1,3.8179016197606295
Nc1ccc(F)cc1C(F)(F)F,3.7818426710008435
Nc1ccc(N)c2C(=O)c3ccccc3C(=O)c12,7.034602937019068
Nc1ccc(N)cc1,3.684517426931409
Nc1ccc(N=Nc2ccccc2)c(N)c1,5.738814346090441
Nc1ccc(O)c(c1)[N+]([O-])=O,3.6291645190706223
Nc1ccc(O)cc1,4.882600158451653
Nc1ccc(c(O)c1)C(=O)Oc2ccccc2,4.681730101943541
Nc1ccc(cc1)N=Nc2ccccc2,5.257223715015304
Nc1ccc(cc1)[N+]([O-])=O,3.237185448239304
Nc1ccc(cc1)[S](=O)(=O)Nc2ccc(Cl)nn2,2.704801133801281
Nc1ccc(cc1)[S](O)(=O)=O,3.236796622200225
Nc1ccc(cc1)c2ccc(N)cc2,4.244199340303569
Nc1ccc(cc1Cl)[N+]([O-])=O,3.9273376482977196
Nc1ccc(cc1Cl)c2ccc(N)c(Cl)c2,5.085283715548925
Nc1ccc(cc1O)[N+]([O-])=O,5.652578969561017
Nc1ccc(cc1[N+]([O-])=O)[N+]([O-])=O,4.083765947231188
Nc1ccc2C(=O)c3ccccc3C(=O)c2c1,5.499335090958275
Nc1ccc2C(=O)c3ccccc3C(=O)c2c1N,6.723813104065931
Nc1ccc2c([nH]c3ccccc23)n1,5.088314108026557
Nc1ccc2ccccc2c1N=Nc3ccccc3,5.566619615614361
Nc1cccc(Cl)c1,4.125955317226662
Nc1cccc(O)c1,3.688853027137124
Nc1cccc(OCc2ccccc2)c1,4.3384586732233394
Nc1cccc(c1)[N+]([O-])=O,3.218500838695039
Nc1cccc2C(=O)c3c(N)cccc3C(=O)c12,5.267447070936888
Nc1cccc2ccccc12,4.14531500654585
Nc1ccccc1,3.156171582972502
Nc1ccccc1C(=O)c2ccc(Cl)cc2,5.038556432661224
Nc1ccccc1Cl,4.351413837051165
Nc1ccccc1O,6.519422256038827
Nc1ccccn1,4.04500182727719
Nc1ccncc1,3.883762964053426
Nc1n(nc(C#N)c1[S](=O)(=O)C(F)(F)F)c2c(Cl)cc(cc2Cl)C(F)(F)F,6.856365027920601
Nc1n(nc(C#N)c1[S](=O)C(F)(F)F)c2c(Cl)cc(cc2Cl)C(F)(F)F,6.29742087947587
O(c1ccccc1)c2ccccc2,4.814733166874484
O=C(/C=C/C=C/c1ccc2OCOc2c1)N3CCCCC3,4.561051160271461
O=C(Oc1ccccc1)c2ccccc2C(=O)Oc3ccccc3,6.599784853673271
O=C(c1ccccc1)c2ccccc2,4.0992328067456585
O=C(c1ccccc1)c2ccncc2,3.2501119500103557
O=C1C2=C(SC(=C(S2)C#N)C#N)C(=O)c3ccccc13,3.8526852215385037
O=C1C2CC3CC(C2)CC1C3,3.3928270694181615
O=C1C=C(Oc2ccccc12)c3ccccc3,4.802760046510201
O=C1C=CC(=O)C=C1,6.158748360163196
O=C1C=CC(=O)c2ccccc12,7.721964417772756
O=C1C=CC(C=C1)=NNc2ccccc2,5.228972564777249
O=C1C=Cc2ccccc2C1=O,7.199085672492418
O=C1CCCCC1,2.192527629900462
O=C1CCc2cccc3CCN1c23,3.7407679008626564
O=C1NC(=O)c2ccccc12,3.443434220601755
O=C1NC=CC=N1,1.9034924276486729
O=C1NCCN1,0.8780012098218519
O=C1NNC(=O)C=C1,3.2107556437035667
O=C1OC(=O)C=C1,2.8334934293840663
O=C1OC(=O)c2ccccc12,2.9737997589761553
O=C1Oc2ccccc2C=C1,3.242314692708447
O=C1\C(Nc2ccccc12)=C/3Nc4ccccc4C3=O,3.707450384499089
O=C1c2ccccc2C(=O)c3c4Nc5ccc6C(=O)c7ccccc7C(=O)c6c5Nc4ccc13,3.885799403590858
O=CC=O,2.4019696360149596
O=CN(c1ccccc1)c2ccccc2,3.812356955756922
O=Cc1ccc(Oc2ccccc2)cc1,4.5337216692048665
O=Cc1ccccc1,3.9289174958008917
O=Cc1cccnc1,3.8149942805044375
O=Cc1occc1,3.4775056161572686
O=NN(c1ccccc1)c2ccccc2,4.0937180914988485
O=NN1CCN(CC1)N=O,2.928317517941327
O=[As](=O)O[As](=O)=O,3.9278668335124434
O=[Cd],4.137790617180255
O=[Cr](=O)=O,3.0567242357359548
O=[Ge]=O,6.320594894564256
O=[Mo](=O)=O,2.360212802946755
O=[P](Oc1ccccc1)(Oc2ccccc2)Oc3ccccc3,5.911541110564066
O=[P](c1ccccc1)(c2ccccc2)c3ccccc3,3.7145248756702767
O=[Pb],1.7969983293701497
O=[S](Cc1ccccc1)Cc2ccccc2,3.458721762557338
O=[S](c1ccccc1)c2ccccc2,3.3649344072404137
O=[S]1(=O)N2CN3CN1CN(C2)[S]3(=O)=O,6.4995406365711546
O=[Se]=O,3.738766691688131
O=[Ti]=O,2.712024797826205
O=[V](=O)O[V](=O)=O,5.195334119670462
O=[Zn],4.311884613572745
OB(O)O,1.6280168146389369
OBr,5.7276959377925465
OC(=O)C(Cl)(Cl)Cl,1.8637324964612765
OC(=O)C(F)(F)C(F)(F)C(F)(F)C(F)(F)C(F)(F)C(F)(F)C(F)(F)C(F)(F)C(F)(F)F,4.496314386414438
OC(=O)C(F)(F)C(F)(F)C(F)(F)C(F)(F)C(F)(F)C(F)(F)C(F)(F)C(F)(F)F,3.5874031839669964
OC(=O)C(F)(F)C(F)(F)C(F)(F)C(F)(F)C(F)(F)C(F)(F)C(F)(F)F,3.169909441901069
OC(=O)C(F)(F)C(F)(F)C(F)(F)C(F)(F)C(F)(F)F,3.537594949453779
OC(=O)C(F)(F)C(F)(F)C(F)(F)C(F)(F)F,3.919247538484011
OC(=O)C(F)(OC(F)(F)C(F)(F)C(F)(F)F)C(F)(F)F,3.5931689152200965
OC(=O)C1=CN(C2CC2)c3cc(N4CCNCC4)c(F)cc3C1=O,3.4322374133354643
OC(=O)CC(O)=O,2.8411967359849744
OC(=O)CCCC(O)=O,2.6024381892233874
OC(=O)CCCCC(O)=O,3.142936753707363
OC(=O)CCCOc1ccc(Cl)cc1Cl,4.266027754689478
OC(=O)CN(CCN(CC(O)=O)CC(O)=O)CC(O)=O,3.0020912252091376
OC(=O)CNC[P](O)(O)=O,4.228074258767195
OC(=O)COc1cc(Cl)c(Cl)cc1Cl,3.7935218852197434
OC(=O)COc1ccc(Cl)cc1Cl,3.02494645806077
OC(=O)COc1nc(Cl)c(Cl)cc1Cl,4.522585861009924
OC(=O)CS,3.487227960104021
OC(=O)Cc1cccc2ccccc12,3.3949417367133594
OC(=O)Cc1ccccc1Nc2c(Cl)cccc2Cl,3.6203801413469403
OC(=O)\C=C\C(O)=O,4.365757463360515
OC(=O)c1c(Cl)ccc(Cl)c1Cl,4.318416644071467
OC(=O)c1c(Cl)cccc1Cl,3.1684082846891832
OC(=O)c1c(F)cccc1F,3.3600910199987775
OC(=O)c1cccc(Cl)n1,3.2682866842292695
OC(=O)c1cccc(n1)C(O)=O,2.715172555276421
OC(=O)c1ccccc1O,3.0025923210496623
OC(=O)c1nc(Cl)ccc1Cl,2.438205450633829
OC(C#C)(c1ccccc1)c2ccccc2,4.273282885268398
OC(C(F)(F)F)C(F)(F)F,2.8380125085207757
OC(CC=C)C=C,3.410943203678425
OC(Cn1cncn1)(c2ccc(F)cc2)c3ccccc3F,3.731038059119568
OC(c1ccc(Cl)cc1)(c2ccc(Cl)cc2)C(Cl)(Cl)Cl,6.043731683271945
OC1(CCCCC1)C#C,2.6858221819657757
OC1=C(C2CC(Cc3ccccc23)c4ccc(cc4)c5ccc(Br)cc5)C(=O)c6ccccc6O1,5.718855291433555
OC1CC2CCC1C2,2.6919496163094663
OC1CCCCC1,1.986598330332296
OC=O,2.419955748489758
OCC#C,4.563992649334369
OCC#CCO,3.205787918125088
OCC(Br)CBr,3.486974963779174
OCC(Cl)(Cl)Cl,2.8145267426808083
OCC(F)(F)F,2.924622380435901
OCC(O)C1OC(=C(O)C1=O)O,2.237218368517512
OCC=C,5.258876629372131
OCCC#C,3.2881550542739744
OCCC(F)(F)C(F)(F)C(F)(F)C(F)(F)C(F)(F)C(F)(F)F,3.0809157712876107
OCCCCCCCCF,4.914727659289269
OCCCCOC(=O)c1ccccc1C(=O)OCCCCOC(=O)c2ccccc2C(=O)OCCCCO,3.641957319727157
OCCCCl,1.944622687617209
OCCCc1cccnc1,2.796676511534865
OCCCl,3.2295582848605617
OCCN(CCO)CCO,1.101857706645762
OCCN(CCO)c1ccccc1,2.3919547330592197
OCCN1CCNCC1,1.3077229333198461
OCCN1CCOCC1,1.6848817819959707
OCCNCCO,1.8314238824440734
OCCNc1ccc(NCCO)c2C(=O)c3c(O)ccc(O)c3C(=O)c12,3.620161564796631
OCCO,0.03699289578737309
OCCOC(=O)C=C,4.38365082933065
OCCOCCO,0.14958349318411931
OCCOCCOCCO,0.3004346638614999
OCCOc1ccccc1,2.603842742079878
OCCS,2.6210095681742227
OC[P](O)(=O)CO,3.6381379612300915
OCc1cccc(/C=C/c2oc(cc2)[N+]([O-])=O)n1,5.002160770289829
OCc1cccc(Cl)c1,3.450633504938155
OCc1ccccc1,2.147495640067124
OCc1cocc1,2.21788698943513
OCl,5.18947936607753
ON=C1CCCCC1,2.7356296038221917
ON\C=C/1C=CC=CC1=O,4.627955289158925
OO,3.2692908741999753
O[As](O)(=O)c1ccccc1,2.454181160662947
O[C@@H]1CCCC[C@H]1c2ccccc2,3.5987683317221224
O[C@@H]1COC(O)[C@@H](O)[C@@H]1O,0.6001261343933412
O[P](O)(=O)OCC(Cl)(Cl)Cl,4.0093459601647625
O[S](=O)(=O)C(F)(F)C(F)(F)C(F)(F)C(F)(F)C(F)(F)C(F)(F)C(F)(F)C(F)(F)F,3.8665705200518197
O[S](=O)(=O)C(F)(F)C(F)(F)C(F)(F)C(F)(F)F,2.5125792861073983
O[S](=O)(=O)c1ccc2ccccc2c1,2.787081066943217
O[S](=O)(=O)c1cccc2cccc(Nc3ccccc3)c12,3.3803142597923928
O[Se](O)=O,5.397568729401282
Oc1c(Br)c(Br)c(Br)c(Br)c1Br,6.720464292054931
Oc1c(Br)cc(Br)cc1Br,4.72368679639564
Oc1c(Br)cc(Br)cc1C=O,5.517607246216246
Oc1c(Br)cc(cc1Br)C#N,4.302467394952096
Oc1c(Cl)c(Cl)c(C#N)c(Cl)c1C#N,4.669243178832768
Oc1c(Cl)c(Cl)c(Cl)c(Cl)c1Cl,6.078104215443777
Oc1c(Cl)c(Cl)cc(Cl)c1Cl,5.763227647748762
Oc1c(Cl)cc(Cl)c(Cl)c1Cc2c(O)c(Cl)cc(Cl)c2Cl,7.287275866329059
Oc1c(Cl)cc(Cl)c(Cl)c1Cl,5.690501245982278
Oc1c(Cl)cc(Cl)cc1Cl,4.9482466708888815
Oc1c(Cl)cc(Cl)cc1[N+]([O-])=O,5.619093330626742
Oc1c(Cl)cc(cc1Cl)C#N,3.888581605628518
Oc1c(Cl)ccc(Cl)c1Cl,4.275506057338958
Oc1c(Cl)cccc1Cl,4.406015623496488
Oc1c(Cl)cccc1[N+]([O-])=O,5.1566517595960795
Oc1c(I)cc(I)cc1I,5.5909734867376235
Oc1c(I)cc(cc1I)C#N,4.736765484077493
Oc1c(O)c(Cl)c(Cl)c(Cl)c1Cl,5.290458790435031
Oc1c(cc(c(O)c1[N+]([O-])=O)[N+]([O-])=O)[N+]([O-])=O,3.6792312618296625
Oc1c(cc(cc1[N+]([O-])=O)[N+]([O-])=O)[N+]([O-])=O,3.231956659073116
Oc1c(cccc1[N+]([O-])=O)C(=O)Nc2cccc(Cl)c2,6.051416730671761
Oc1c(cccc1[N+]([O-])=O)[N+]([O-])=O,3.6662797945251415
Oc1c2ccccc2c(cc1[N+]([O-])=O)[N+]([O-])=O,5.34491668073471
Oc1cc(Cl)c(Cl)c(Cl)c1Cl,5.911969299029686
Oc1cc(Cl)c(Cl)cc1Cl,5.510122904007034
Oc1cc(Cl)c(Cl)cc1O,5.303224028064203
Oc1cc(Cl)cc(Cl)c1,5.033514082172804
Oc1cc(Cl)ccc1Cl,4.826512112051486
Oc1cc(Cl)ccc1Oc2ccc(Cl)cc2Cl,5.829779731299021
Oc1cc(O)c(Cl)cc1Cl,3.9583916572435034
Oc1cc(O)cc(O)c1,1.0331631982101928
Oc1cc(cc(O)c1O)C(=O)Oc2cc(cc(O)c2O)C(=O)OCC3OC(OC(=O)c4cc(O)c(O)c(OC(=O)c5cc(O)c(O)c(O)c5)c4)C(OC(=O)c6cc(O)c(O)c(OC(=O)c7cc(O)c(O)c(O)c7)c6)C(OC(=O)c8cc(O)c(O)c(OC(=O)c9cc(O)c(O)c(O)c9)c8)C3OC(=O)c%10cc(O)c(O)c(OC(=O)c%11cc(O)c(O)c(O)c%11)c%10,6.858610414200784
Oc1cc(ccc1[N+]([O-])=O)[N+]([O-])=O,4.738731023898413
Oc1ccc(Br)cc1C=O,5.127145849136848
Oc1ccc(C=O)c(O)c1,3.9941348226081796
Oc1ccc(Cc2ccc(O)cc2)cc1,4.345916506452206
Oc1ccc(Cl)c(Cl)c1,5.031426111845736
Oc1ccc(Cl)c(Cl)c1Cl,5.254060053859575
Oc1ccc(Cl)c(O)c1,2.0176496605884044
Oc1ccc(Cl)cc1,4.345671113847296
Oc1ccc(Cl)cc1C(=O)Nc2ccc(cc2Cl)[N+]([O-])=O,6.49840169999409
Oc1ccc(Cl)cc1C=O,5.308212278759341
Oc1ccc(Cl)cc1CC=C,5.682848767289715
Oc1ccc(Cl)cc1Cc2cc(Cl)ccc2O,5.938595576440788
Oc1ccc(Cl)cc1Cl,4.442343978006463
Oc1ccc(Cl)cc1O,4.961382039752817
Oc1ccc(O)c(Cl)c1,5.881285525754412
Oc1ccc(O)cc1,5.933224323118576
Oc1ccc(Oc2ccc(O)cc2)cc1,4.544214800859379
Oc1ccc(Oc2ccccc2)cc1,4.575397801171491
Oc1ccc(c(C=O)c1)[N+]([O-])=O,3.5921781708548117
Oc1ccc(c(O)c1)C(=O)c2ccc(O)cc2O,4.26015292084233
Oc1ccc(c(c1)C(F)(F)F)[N+]([O-])=O,4.593560855306996
Oc1ccc(cc1)C(c2ccc(O)cc2)(C(F)(F)F)C(F)(F)F,5.268965805712979
Oc1ccc(cc1)C2(c3ccc(O)cc3)c4ccccc4c5ccccc25,4.942691085450189
Oc1ccc(cc1)C2=COc3cc(O)cc(O)c3C2=O,4.682013316657873
Oc1ccc(cc1)N=C2C=CC(=O)C=C2,5.472702698495399
Oc1ccc(cc1)[N+]([O-])=O,3.6422990883977153
Oc1ccc(cc1)[S](=O)(=O)c2ccc(O)cc2,2.920139638126888
Oc1ccc(cc1[N+]([O-])=O)[N+]([O-])=O,4.239764436023487
Oc1ccc2ccccc2c1,6.255793948502897
Oc1ccc2ccccc2c1N=O,5.548369543993621
Oc1cccc(Cl)c1,4.512328113127126
Oc1cccc(Cl)c1Cl,4.888504112423066
Oc1cccc(O)c1,3.137649479647264
Oc1cccc(c1)[N+]([O-])=O,5.432638655505442
Oc1cccc2C(=O)C=CC(=O)c12,6.500645054178049
Oc1cccc2C(=O)c3c(O)cccc3C(=O)c12,4.710723812590258
Oc1cccc2ccccc12,4.5439867194617065
Oc1ccccc1,3.603768538220746
Oc1ccccc1C(=O)Nc2ccccc2,7.439784901999029
Oc1ccccc1C(=O)Oc2ccccc2,5.293433517034016
Oc1ccccc1C=O,4.6888574557020695
Oc1ccccc1CC=C,3.96332845839547
Oc1ccccc1Cc2ccccc2O,4.009288258585652
Oc1ccccc1Cl,4.049577947583282
Oc1ccccc1O,4.092444644295924
Oc1ccccc1[N+]([O-])=O,4.128585300403593
Oc1ccccc1c2ccccc2,4.460560215251478
Oc1cccnc1Br,2.5693689176670707
Oc1cccnc1Cl,2.3186336230999802
Oc1cccnc1[N+]([O-])=O,2.9237154643154675
S,6.117564466589333
S(Sc1ccccc1)c2ccccc2,6.2977525550934566
S=C(Nc1ccccc1)Nc2ccccc2,4.082082151597327
S=C1NCCN1,1.1342281230216626
S=C1Nc2ccccc2S1,4.944633298418357
S=C1SSC2=NCCN12,6.328068083430021
S=C=S,4.342775801185302
S=[Cd],5.813451752594201
S=[P](N1CC1)(N2CC2)N3CC3,0.5142999052899663
S=[Zn],1.7273122652496355
[Ag],7.057223867077221
[Al],5.226954155295661
[As],3.6422156022781285
[Ba],2.841093904919319
[Be],2.376181973083721
[Br-],5.170174760848285
[C-]#N,5.285238215360351
[Cd++],6.349269580597504
[Cd]=[Te],6.730724229182915
[Cl-],0.723578187969733
[Co],4.238879632491437
[Cr+6],3.0494519545271186
[Cr],2.9525419415190624
[Cu],5.656960182742849
[Ge],6.162026432421177
[Hg],5.802309278369985
[La],6.841691009689279
[Mn],2.7417921983391276
[Mo],2.0789097271379346
[NH4+],3.303098827038982
[Ni],5.902389428445976
[O-]N=O,2.122395764476238
[O-][Cl]=O,4.507262054478877
[O-][N+](=O)C(Cl)(Cl)Cl,3.534594528458246
[O-][N+](=O)N1CN(CN(C1)[N+]([O-])=O)[N+]([O-])=O,4.5684305487035575
[O-][N+](=O)N1CN(CN(CN(C1)[N+]([O-])=O)[N+]([O-])=O)[N+]([O-])=O,4.184504901831642
[O-][N+](=O)NC1=NCCN1Cc2ccc(Cl)nc2,3.273816435351883
[O-][N+](=O)OCC(CO[N+]([O-])=O)O[N+]([O-])=O,4.793936335618634
[O-][N+](=O)OCCOCCO[N+]([O-])=O,2.8390395785480718
[O-][N+](=O)\C(Br)=C/c1ccccc1,6.31662786940069
[O-][N+](=O)c1c(Cl)c(Cl)c(Cl)c(Cl)c1Cl,5.620896974747656
[O-][N+](=O)c1c(Cl)c(Cl)cc(Cl)c1Cl,6.022304191376496
[O-][N+](=O)c1c(Cl)cc(Cl)c(c1Cl)[N+]([O-])=O,5.69410630205525
[O-][N+](=O)c1cc(Cl)c(Cl)c(Cl)c1Cl,7.302515745123184
[O-][N+](=O)c1cc(Cl)cc(Cl)c1,4.527428634975594
[O-][N+](=O)c1cc(Cl)ccc1Cl,5.402264446980766
[O-][N+](=O)c1cc(c(C=O)c(c1)[N+]([O-])=O)[N+]([O-])=O,5.382224229102423
[O-][N+](=O)c1cc(c(Cl)cc1Cl)[N+]([O-])=O,6.60370560789449
[O-][N+](=O)c1cc(cc(c1)[N+]([O-])=O)[N+]([O-])=O,5.612590295882008
[O-][N+](=O)c1cc2nocc2c(c1)[N+]([O-])=O,6.116269357220984
[O-][N+](=O)c1cc[n+]([O-])c2ccccc12,5.2497308233364945
[O-][N+](=O)c1ccc(C=O)cc1,4.175003444960177
[O-][N+](=O)c1ccc(Cl)c(C=O)c1,4.393437142946745
[O-][N+](=O)c1ccc(Cl)c(Cl)c1Cl,6.863602959763769
[O-][N+](=O)c1ccc(Cl)c(c1)[N+]([O-])=O,6.005508684212067
[O-][N+](=O)c1ccc(Cl)cc1,4.02134368744053
[O-][N+](=O)c1ccc(Cl)cc1Cl,4.457228687947259
[O-][N+](=O)c1ccc(F)cc1,3.6946852316547174
[O-][N+](=O)c1ccc(Oc2c(Cl)cc(Cl)cc2Cl)cc1,5.743911095938775
[O-][N+](=O)c1ccc(Oc2ccc(Cl)cc2Cl)cc1,4.928859165041765
[O-][N+](=O)c1ccc(Oc2ccc(cc2[N+]([O-])=O)C(F)(F)F)cc1,5.710652596938621
[O-][N+](=O)c1ccc(Oc2ccccc2)cc1,4.909612537533741
[O-][N+](=O)c1ccc(cc1)C#N,3.783226809073619
[O-][N+](=O)c1ccc(cc1)[N+]([O-])=O,5.411730371855419
[O-][N+](=O)c1cccc(C=O)c1,4.415896825179883
[O-][N+](=O)c1cccc(Cl)c1,3.942162441392906
[O-][N+](=O)c1cccc(Cl)c1Cl,4.534148213753285
[O-][N+](=O)c1cccc(c1)C#N,3.391020144154524
[O-][N+](=O)c1cccc(c1)[N+]([O-])=O,4.687814900638412
[O-][N+](=O)c1cccc2ccccc12,4.531657666250147
[O-][N+](=O)c1ccccc1,3.044024255187577
[O-][N+](=O)c1ccccc1C=O,3.8441276665202118
[O-][N+](=O)c1ccccc1Cl,3.688613649302902
[O-][N+](=O)c1ccccc1Oc2ccc(Cl)cc2,5.114035560496381
[O-][N+](=O)c1ccccc1[N+]([O-])=O,6.197135955666441
[O-][N+](=O)c1oc(cc1)\C=N\N2CCOC2=O,3.954551231316127
[O-][S](=O)(=O)c1ccc[n+](Cc2ccccc2)c1,2.014689557144741
[O-][S]([O-])(=O)=O,1.0002849122771298
[O-][Se]([O-])(=O)=O,3.2413885354474536
[O-][n+]1nc(nc2ccc(Cl)cc12)n3ccnc3,5.67636954909336
[P],6.1687779992813345
[Pb],5.2482038893270335
[Sb]#[Sb],4.044111954268272
[Se],4.89740713966158
[Tl],4.7958970169176895
[U],4.5842381825697
[V],4.977396797841941
[W],4.071037108281793
[Zn],4.755932113370684
[nH]1c2ccccc2c3ccccc13,5.254781895614624
[nH]1c2ccccc2nc1c3cscn3,4.481576441526119
[nH]1c2ccccc2nc1c3occc3,4.78744103521179
[nH]1cccc1,2.5044449704054066
[nH]1cccn1,1.3723538191395606
[nH]1nc2ccccc2n1,3.2630968483502008
c1ccc(cc1)N=Nc2ccccc2,5.411125340013123
c1ccc(cc1)c2cccc(n2)c3ccccc3,6.037836016577194
c1ccc(cc1)c2ccccc2,4.898083558273367
c1ccc(cc1)c2ccncc2,3.98406584089032
c1ccc2c(c1)c3cccc4cccc2c34,7.217768942926819
c1ccc2c(c1)cc3ccc4cccc5ccc2c3c45,5.386477313847026
c1ccc2c(c1)ccc3ccccc23,6.265352629450263
c1ccc2cc3ccccc3cc2c1,7.341508638344986
c1ccc2cccc2cc1,4.153557428366686
c1ccc2ccccc2c1,4.417603857777498
c1ccc2cnccc2c1,3.965006725521632
c1ccc2cnncc2c1,3.1144441724452547
c1ccc2nc3ccccc3cc2c1,4.897403392280577
c1ccc2ncccc2c1,3.63546357287544
c1ccccc1,3.24479145477512
c1ccncc1,2.8374896239023846
o1c(ccc1c2ccccc2)c3ccccc3,6.643987319101575
o1c2ccccc2c3ccc4ccccc4c13,5.409545276022015
o1c2ccccc2c3ccccc13,4.9586413528051025
o1c2ccccc2nc1c3sc(cc3)c4oc5ccccc5n4,2.5029144035259194
o1ccc2ccccc12,3.9262505499533757
o1cccc1,2.981729301292927
s1c2ccccc2c3ccccc13,5.420340097651702
s1ccc2ccccc12,3.994223315874702
s1cnc2ccccc12,3.3247678065238118
